#
# There is insufficient memory for the Java Runtime Environment to continue.
# Native memory allocation (malloc) failed to allocate 1543360 bytes. Error detail: Chunk::new
# Possible reasons:
#   The system is out of physical RAM or swap space
#   This process is running with CompressedOops enabled, and the Java Heap may be blocking the growth of the native heap
# Possible solutions:
#   Reduce memory load on the system
#   Increase physical memory or swap space
#   Check if swap backing store is full
#   Decrease Java heap size (-Xmx/-Xms)
#   Decrease number of Java threads
#   Decrease Java thread stack sizes (-Xss)
#   Set larger code cache with -XX:ReservedCodeCacheSize=
#   JVM is running with Unscaled Compressed Oops mode in which the Java heap is
#     placed in the first 4GB address space. The Java Heap base address is the
#     maximum limit for the native heap growth. Please use -XX:HeapBaseMinAddress
#     to set the Java Heap base and to place the Java Heap above 4GB virtual address.
# This output file may be truncated or incomplete.
#
#  Out of Memory Error (arena.cpp:168), pid=21672, tid=34644
#
# JRE version: OpenJDK Runtime Environment (21.0.9) (build 21.0.9+-14787801-b1163.94)
# Java VM: OpenJDK 64-Bit Server VM (21.0.9+-14787801-b1163.94, mixed mode, tiered, compressed oops, compressed class ptrs, g1 gc, windows-amd64)
# No core dump will be written. Minidumps are not enabled by default on client versions of Windows
#

---------------  S U M M A R Y ------------

Command Line: --add-opens=java.base/java.lang=ALL-UNNAMED --add-opens=java.base/java.lang.invoke=ALL-UNNAMED --add-opens=java.base/java.util=ALL-UNNAMED --add-opens=java.prefs/java.util.prefs=ALL-UNNAMED --add-exports=jdk.compiler/com.sun.tools.javac.api=ALL-UNNAMED --add-exports=jdk.compiler/com.sun.tools.javac.util=ALL-UNNAMED --add-opens=java.base/java.util=ALL-UNNAMED --add-opens=java.prefs/java.util.prefs=ALL-UNNAMED --add-opens=java.base/java.nio.charset=ALL-UNNAMED --add-opens=java.base/java.net=ALL-UNNAMED --add-opens=java.base/java.util.concurrent=ALL-UNNAMED --add-opens=java.base/java.util.concurrent.atomic=ALL-UNNAMED --add-opens=java.xml/javax.xml.namespace=ALL-UNNAMED --add-opens=java.base/java.time=ALL-UNNAMED -Xmx2048m -Dfile.encoding=UTF-8 -Duser.country=US -Duser.language=en -Duser.variant -javaagent:C:\Users\Rafie Zaidan U\.gradle\wrapper\dists\gradle-9.3.1-bin\23ovyewtku6u96viwx3xl3oks\gradle-9.3.1\lib\agents\gradle-instrumentation-agent-9.3.1.jar org.gradle.launcher.daemon.bootstrap.GradleDaemon 9.3.1

Host: AMD Ryzen 7 5800H with Radeon Graphics         , 16 cores, 15G,  Windows 11 , 64 bit Build 26100 (10.0.26100.8246)
Time: Mon Apr 27 16:43:22 2026 SE Asia Standard Time elapsed time: 1263.829817 seconds (0d 0h 21m 3s)

---------------  T H R E A D  ---------------

Current thread (0x000001b3f25654d0):  JavaThread "C2 CompilerThread0" daemon [_thread_in_native, id=34644, stack(0x0000006181e00000,0x0000006181f00000) (1024K)]


Current CompileTask:
C2:1263830 26317       4       java.io.ObjectOutputStream::writeClassDesc (60 bytes)

Stack: [0x0000006181e00000,0x0000006181f00000]
Native frames: (J=compiled Java code, j=interpreted, Vv=VM code, C=native code)
V  [jvm.dll+0x6d6c99]
V  [jvm.dll+0x866b83]
V  [jvm.dll+0x8691ae]
V  [jvm.dll+0x869893]
V  [jvm.dll+0x280776]
V  [jvm.dll+0xc07cd]
V  [jvm.dll+0xc0d03]
V  [jvm.dll+0x3b986b]
V  [jvm.dll+0x1dfcb2]
V  [jvm.dll+0x2495b4]
V  [jvm.dll+0x248a31]
V  [jvm.dll+0x1c7344]
V  [jvm.dll+0x2581ae]
V  [jvm.dll+0x2566f6]
V  [jvm.dll+0x3f48a6]
V  [jvm.dll+0x80f118]
V  [jvm.dll+0x6d54ed]
C  [ucrtbase.dll+0x37b0]
C  [KERNEL32.DLL+0x2e8d7]
C  [ntdll.dll+0x8c3fc]


---------------  P R O C E S S  ---------------

Threads class SMR info:
_java_thread_list=0x000001b3fd773ab0, length=124, elements={
0x000001b3da1ea030, 0x000001b3f25093f0, 0x000001b3f25168a0, 0x000001b3f2509e50,
0x000001b3f250b160, 0x000001b3f250bbe0, 0x000001b3f250c640, 0x000001b3f253faf0,
0x000001b3f25654d0, 0x000001b3f2567af0, 0x000001b3f7132f90, 0x000001b3f817c770,
0x000001b3f86ed1d0, 0x000001b3f940f4e0, 0x000001b3f812c770, 0x000001b3f8129980,
0x000001b3f812b3c0, 0x000001b3f9a06990, 0x000001b3f9a09780, 0x000001b3f9a09e10,
0x000001b3f9a0b1c0, 0x000001b3f9a0b850, 0x000001b3f9a0bee0, 0x000001b3fc404310,
0x000001b3fc4049a0, 0x000001b3fbf44e80, 0x000001b3fbf45ba0, 0x000001b3fbf42720,
0x000001b3fc211710, 0x000001b3fbfb3ae0, 0x000001b3fb9255b0, 0x000001b3fb923b70,
0x000001b3fb925c40, 0x000001b3fb9227c0, 0x000001b385759320, 0x000001b3fb91f340,
0x000001b3fae5b300, 0x000001b3fae58510, 0x000001b3fbf41370, 0x000001b3fbf42db0,
0x000001b3fbf41a00, 0x000001b3fbf43ad0, 0x000001b3fbf40ce0, 0x000001b3fbf42090,
0x000001b3fbf44160, 0x000001b3fbf45510, 0x000001b3fbf468c0, 0x000001b3fbf43440,
0x000001b3fbf475e0, 0x000001b3fbf48300, 0x000001b3fc475290, 0x000001b3fc474570,
0x000001b3fc4731c0, 0x000001b3fc475fb0, 0x000001b3fc472b30, 0x000001b3fc476640,
0x000001b3fc473850, 0x000001b3fc477360, 0x000001b3fc4779f0, 0x000001b3fc478080,
0x000001b3fc474c00, 0x000001b3fc478710, 0x000001b3fc47a7e0, 0x000001b3fc47ae70,
0x000001b3fc479430, 0x000001b3fc478da0, 0x000001b3fc47c8b0, 0x000001b3fc47bb90,
0x000001b3fc479ac0, 0x000001b3fc47d5d0, 0x000001b3fc47c220, 0x000001b3fc47b500,
0x000001b3fc47a150, 0x000001b3fc47e980, 0x000001b3fc47e2f0, 0x000001b3fc47f010,
0x000001b3fc47cf40, 0x000001b3fc481770, 0x000001b3fc47f6a0, 0x000001b3fc4810e0,
0x000001b3fc481e00, 0x000001b3fc47fd30, 0x000001b3fc4803c0, 0x000001b3fc480a50,
0x000001b38574fc30, 0x000001b38574db60, 0x000001b38574c7b0, 0x000001b3fb5e2220,
0x000001b3fb5e28b0, 0x000001b3850353a0, 0x000001b3850360c0, 0x000001b385037b00,
0x000001b385036de0, 0x000001b385038820, 0x000001b385037470, 0x000001b385038190,
0x000001b385035a30, 0x000001b385036750, 0x000001b3faecd9b0, 0x000001b3851e7620,
0x000001b3fe9350f0, 0x000001b3fe935780, 0x000001b3fb125e20, 0x000001b3fb1264b0,
0x000001b38540fde0, 0x000001b3843cbd80, 0x000001b3843cb6f0, 0x000001b3843cd7c0,
0x000001b3ff0b1d80, 0x000001b3ff0b0340, 0x000001b3ff0b09d0, 0x000001b3ff0b16f0,
0x000001b3ff0b1060, 0x000001b3ff0af620, 0x000001b3ff0afcb0, 0x000001b3ff0b2410,
0x000001b3ff0aef90, 0x000001b3843ca9d0, 0x000001b3843cc410, 0x000001b3843cd130,
0x000001b3843cde50, 0x000001b3843cb060, 0x000001b3843ccaa0, 0x000001b3844fb500
}

Java Threads: ( => current thread )
  0x000001b3da1ea030 JavaThread "main"                              [_thread_blocked, id=32856, stack(0x0000006180f00000,0x0000006181000000) (1024K)]
  0x000001b3f25093f0 JavaThread "Common-Cleaner"             daemon [_thread_blocked, id=19120, stack(0x0000006181700000,0x0000006181800000) (1024K)]
  0x000001b3f25168a0 JavaThread "Reference Handler"          daemon [_thread_blocked, id=7404, stack(0x0000006181800000,0x0000006181900000) (1024K)]
  0x000001b3f2509e50 JavaThread "Finalizer"                  daemon [_thread_blocked, id=10324, stack(0x0000006181900000,0x0000006181a00000) (1024K)]
  0x000001b3f250b160 JavaThread "Signal Dispatcher"          daemon [_thread_blocked, id=21148, stack(0x0000006181a00000,0x0000006181b00000) (1024K)]
  0x000001b3f250bbe0 JavaThread "Attach Listener"            daemon [_thread_blocked, id=34832, stack(0x0000006181b00000,0x0000006181c00000) (1024K)]
  0x000001b3f250c640 JavaThread "Service Thread"             daemon [_thread_blocked, id=34396, stack(0x0000006181c00000,0x0000006181d00000) (1024K)]
  0x000001b3f253faf0 JavaThread "Monitor Deflation Thread"   daemon [_thread_blocked, id=22716, stack(0x0000006181d00000,0x0000006181e00000) (1024K)]
=>0x000001b3f25654d0 JavaThread "C2 CompilerThread0"         daemon [_thread_in_native, id=34644, stack(0x0000006181e00000,0x0000006181f00000) (1024K)]
  0x000001b3f2567af0 JavaThread "C1 CompilerThread0"         daemon [_thread_blocked, id=34548, stack(0x0000006181f00000,0x0000006182000000) (1024K)]
  0x000001b3f7132f90 JavaThread "Notification Thread"        daemon [_thread_blocked, id=31672, stack(0x0000006182100000,0x0000006182200000) (1024K)]
  0x000001b3f817c770 JavaThread "Daemon health stats"               [_thread_blocked, id=27640, stack(0x0000006182900000,0x0000006182a00000) (1024K)]
  0x000001b3f86ed1d0 JavaThread "Incoming local TCP Connector on port 61370"        [_thread_in_native, id=30184, stack(0x0000006182700000,0x0000006182800000) (1024K)]
  0x000001b3f940f4e0 JavaThread "Daemon periodic checks"            [_thread_blocked, id=40240, stack(0x0000006183000000,0x0000006183100000) (1024K)]
  0x000001b3f812c770 JavaThread "Cache worker for journal cache (C:\Users\Rafie Zaidan U\.gradle\caches\journal-1)"        [_thread_blocked, id=21192, stack(0x0000006182000000,0x0000006182100000) (1024K)]
  0x000001b3f8129980 JavaThread "File lock request listener"        [_thread_in_native, id=38292, stack(0x0000006182600000,0x0000006182700000) (1024K)]
  0x000001b3f812b3c0 JavaThread "Cache worker for file hash cache (C:\Users\Rafie Zaidan U\.gradle\caches\9.3.1\fileHashes)"        [_thread_blocked, id=35848, stack(0x0000006182e00000,0x0000006182f00000) (1024K)]
  0x000001b3f9a06990 JavaThread "File watcher server"        daemon [_thread_in_native, id=35280, stack(0x0000006184200000,0x0000006184300000) (1024K)]
  0x000001b3f9a09780 JavaThread "File watcher consumer"      daemon [_thread_blocked, id=32860, stack(0x0000006184300000,0x0000006184400000) (1024K)]
  0x000001b3f9a09e10 JavaThread "Cache worker for file content cache (C:\Users\Rafie Zaidan U\.gradle\caches\9.3.1\fileContent)"        [_thread_blocked, id=30412, stack(0x0000006184400000,0x0000006184500000) (1024K)]
  0x000001b3f9a0b1c0 JavaThread "jar transforms"                    [_thread_blocked, id=32148, stack(0x0000006184800000,0x0000006184900000) (1024K)]
  0x000001b3f9a0b850 JavaThread "jar transforms Thread 2"           [_thread_blocked, id=37624, stack(0x0000006184900000,0x0000006184a00000) (1024K)]
  0x000001b3f9a0bee0 JavaThread "jar transforms Thread 3"           [_thread_blocked, id=14180, stack(0x0000006184d00000,0x0000006184e00000) (1024K)]
  0x000001b3fc404310 JavaThread "jar transforms Thread 4"           [_thread_blocked, id=3616, stack(0x0000006186000000,0x0000006186100000) (1024K)]
  0x000001b3fc4049a0 JavaThread "jar transforms Thread 5"           [_thread_blocked, id=40352, stack(0x0000006186100000,0x0000006186200000) (1024K)]
  0x000001b3fbf44e80 JavaThread "jar transforms Thread 6"           [_thread_blocked, id=14408, stack(0x0000006186c00000,0x0000006186d00000) (1024K)]
  0x000001b3fbf45ba0 JavaThread "jar transforms Thread 7"           [_thread_blocked, id=26548, stack(0x0000006186d00000,0x0000006186e00000) (1024K)]
  0x000001b3fbf42720 JavaThread "jar transforms Thread 8"           [_thread_blocked, id=33040, stack(0x0000006186e00000,0x0000006186f00000) (1024K)]
  0x000001b3fc211710 JavaThread "Memory manager"                    [_thread_blocked, id=36028, stack(0x0000006189f00000,0x000000618a000000) (1024K)]
  0x000001b3fbfb3ae0 JavaThread "pool-3-thread-1"                   [_thread_blocked, id=10696, stack(0x000000618a300000,0x000000618a400000) (1024K)]
  0x000001b3fb9255b0 JavaThread "RMI Scheduler(0)"           daemon [_thread_blocked, id=6508, stack(0x0000006188f00000,0x0000006189000000) (1024K)]
  0x000001b3fb923b70 JavaThread "RMI GC Daemon"              daemon [_thread_blocked, id=39736, stack(0x0000006190800000,0x0000006190900000) (1024K)]
  0x000001b3fb925c40 JavaThread "RMI TCP Accept-0"           daemon [_thread_in_native, id=9704, stack(0x0000006190900000,0x0000006190a00000) (1024K)]
  0x000001b3fb9227c0 JavaThread "RMI Reaper"                        [_thread_blocked, id=40732, stack(0x0000006190a00000,0x0000006190b00000) (1024K)]
  0x000001b385759320 JavaThread "pool-7-thread-1"                   [_thread_blocked, id=16532, stack(0x0000006188500000,0x0000006188600000) (1024K)]
  0x000001b3fb91f340 JavaThread "pool-10-thread-1"                  [_thread_blocked, id=40332, stack(0x0000006188400000,0x0000006188500000) (1024K)]
  0x000001b3fae5b300 JavaThread "pool-14-thread-1"                  [_thread_blocked, id=25124, stack(0x0000006188600000,0x0000006188700000) (1024K)]
  0x000001b3fae58510 JavaThread "pool-18-thread-1"                  [_thread_blocked, id=19700, stack(0x0000006187f00000,0x0000006188000000) (1024K)]
  0x000001b3fbf41370 JavaThread "Daemon Thread 5"                   [_thread_blocked, id=28128, stack(0x0000006180c00000,0x0000006180d00000) (1024K)]
  0x000001b3fbf42db0 JavaThread "Handler for socket connection from /127.0.0.1:61370 to /127.0.0.1:65174"        [_thread_in_native, id=15364, stack(0x0000006180e00000,0x0000006180f00000) (1024K)]
  0x000001b3fbf41a00 JavaThread "Cancel handler"                    [_thread_blocked, id=38972, stack(0x0000006182800000,0x0000006182900000) (1024K)]
  0x000001b3fbf43ad0 JavaThread "Daemon worker Thread 5"            [_thread_blocked, id=23700, stack(0x0000006182f00000,0x0000006183000000) (1024K)]
  0x000001b3fbf40ce0 JavaThread "Asynchronous log dispatcher for DefaultDaemonConnection: socket connection from /127.0.0.1:61370 to /127.0.0.1:65174"        [_thread_blocked, id=29856, stack(0x0000006183100000,0x0000006183200000) (1024K)]
  0x000001b3fbf42090 JavaThread "Stdin handler"                     [_thread_blocked, id=16052, stack(0x0000006183200000,0x0000006183300000) (1024K)]
  0x000001b3fbf44160 JavaThread "Daemon client event forwarder"        [_thread_blocked, id=34820, stack(0x0000006183300000,0x0000006183400000) (1024K)]
  0x000001b3fbf45510 JavaThread "Cache worker for file hash cache (C:\Users\Rafie Zaidan U\AndroidStudioProjects\DiceRoller\.gradle\9.3.1\fileHashes)"        [_thread_blocked, id=37468, stack(0x0000006183a00000,0x0000006183b00000) (1024K)]
  0x000001b3fbf468c0 JavaThread "Cache worker for Build Output Cleanup Cache (C:\Users\Rafie Zaidan U\AndroidStudioProjects\DiceRoller\.gradle\buildOutputCleanup)"        [_thread_blocked, id=22952, stack(0x0000006183b00000,0x0000006183c00000) (1024K)]
  0x000001b3fbf43440 JavaThread "Cache worker for checksums cache (C:\Users\Rafie Zaidan U\AndroidStudioProjects\DiceRoller\.gradle\9.3.1\checksums)"        [_thread_blocked, id=8940, stack(0x0000006183c00000,0x0000006183d00000) (1024K)]
  0x000001b3fbf475e0 JavaThread "Cache worker for cache directory md-supplier (C:\Users\Rafie Zaidan U\.gradle\caches\9.3.1\md-supplier)"        [_thread_blocked, id=38940, stack(0x0000006183d00000,0x0000006183e00000) (1024K)]
  0x000001b3fbf48300 JavaThread "Cache worker for cache directory md-rule (C:\Users\Rafie Zaidan U\.gradle\caches\9.3.1\md-rule)"        [_thread_blocked, id=40096, stack(0x0000006183e00000,0x0000006183f00000) (1024K)]
  0x000001b3fc475290 JavaThread "Unconstrained build operations"        [_thread_blocked, id=32028, stack(0x0000006183f00000,0x0000006184000000) (1024K)]
  0x000001b3fc474570 JavaThread "Unconstrained build operations Thread 2"        [_thread_blocked, id=20084, stack(0x0000006184000000,0x0000006184100000) (1024K)]
  0x000001b3fc4731c0 JavaThread "Unconstrained build operations Thread 3"        [_thread_blocked, id=10748, stack(0x0000006184100000,0x0000006184200000) (1024K)]
  0x000001b3fc475fb0 JavaThread "Unconstrained build operations Thread 4"        [_thread_blocked, id=40592, stack(0x0000006184500000,0x0000006184600000) (1024K)]
  0x000001b3fc472b30 JavaThread "Unconstrained build operations Thread 5"        [_thread_blocked, id=2708, stack(0x0000006184600000,0x0000006184700000) (1024K)]
  0x000001b3fc476640 JavaThread "Unconstrained build operations Thread 6"        [_thread_blocked, id=3976, stack(0x0000006184700000,0x0000006184800000) (1024K)]
  0x000001b3fc473850 JavaThread "Unconstrained build operations Thread 7"        [_thread_blocked, id=39668, stack(0x0000006184a00000,0x0000006184b00000) (1024K)]
  0x000001b3fc477360 JavaThread "Unconstrained build operations Thread 8"        [_thread_blocked, id=38300, stack(0x0000006184b00000,0x0000006184c00000) (1024K)]
  0x000001b3fc4779f0 JavaThread "Unconstrained build operations Thread 9"        [_thread_blocked, id=31256, stack(0x0000006184c00000,0x0000006184d00000) (1024K)]
  0x000001b3fc478080 JavaThread "Unconstrained build operations Thread 10"        [_thread_blocked, id=18396, stack(0x0000006184e00000,0x0000006184f00000) (1024K)]
  0x000001b3fc474c00 JavaThread "Unconstrained build operations Thread 11"        [_thread_blocked, id=18768, stack(0x0000006185000000,0x0000006185100000) (1024K)]
  0x000001b3fc478710 JavaThread "Unconstrained build operations Thread 12"        [_thread_blocked, id=8260, stack(0x0000006185100000,0x0000006185200000) (1024K)]
  0x000001b3fc47a7e0 JavaThread "Unconstrained build operations Thread 13"        [_thread_blocked, id=31268, stack(0x0000006185200000,0x0000006185300000) (1024K)]
  0x000001b3fc47ae70 JavaThread "Unconstrained build operations Thread 14"        [_thread_blocked, id=15848, stack(0x0000006185300000,0x0000006185400000) (1024K)]
  0x000001b3fc479430 JavaThread "Unconstrained build operations Thread 15"        [_thread_blocked, id=35184, stack(0x0000006185400000,0x0000006185500000) (1024K)]
  0x000001b3fc478da0 JavaThread "Unconstrained build operations Thread 16"        [_thread_blocked, id=37940, stack(0x0000006185500000,0x0000006185600000) (1024K)]
  0x000001b3fc47c8b0 JavaThread "Unconstrained build operations Thread 17"        [_thread_blocked, id=17904, stack(0x0000006185600000,0x0000006185700000) (1024K)]
  0x000001b3fc47bb90 JavaThread "Unconstrained build operations Thread 18"        [_thread_blocked, id=39296, stack(0x0000006185700000,0x0000006185800000) (1024K)]
  0x000001b3fc479ac0 JavaThread "Unconstrained build operations Thread 19"        [_thread_blocked, id=38164, stack(0x0000006185800000,0x0000006185900000) (1024K)]
  0x000001b3fc47d5d0 JavaThread "Unconstrained build operations Thread 20"        [_thread_blocked, id=38976, stack(0x0000006185900000,0x0000006185a00000) (1024K)]
  0x000001b3fc47c220 JavaThread "Unconstrained build operations Thread 21"        [_thread_blocked, id=17092, stack(0x0000006185a00000,0x0000006185b00000) (1024K)]
  0x000001b3fc47b500 JavaThread "Unconstrained build operations Thread 22"        [_thread_blocked, id=28856, stack(0x0000006185b00000,0x0000006185c00000) (1024K)]
  0x000001b3fc47a150 JavaThread "Unconstrained build operations Thread 23"        [_thread_blocked, id=21644, stack(0x0000006185d00000,0x0000006185e00000) (1024K)]
  0x000001b3fc47e980 JavaThread "Unconstrained build operations Thread 24"        [_thread_blocked, id=30896, stack(0x0000006185e00000,0x0000006185f00000) (1024K)]
  0x000001b3fc47e2f0 JavaThread "Unconstrained build operations Thread 25"        [_thread_blocked, id=28216, stack(0x0000006185f00000,0x0000006186000000) (1024K)]
  0x000001b3fc47f010 JavaThread "Unconstrained build operations Thread 26"        [_thread_blocked, id=38788, stack(0x0000006186200000,0x0000006186300000) (1024K)]
  0x000001b3fc47cf40 JavaThread "Unconstrained build operations Thread 27"        [_thread_blocked, id=35040, stack(0x0000006186300000,0x0000006186400000) (1024K)]
  0x000001b3fc481770 JavaThread "Unconstrained build operations Thread 28"        [_thread_blocked, id=21980, stack(0x0000006186400000,0x0000006186500000) (1024K)]
  0x000001b3fc47f6a0 JavaThread "Unconstrained build operations Thread 29"        [_thread_blocked, id=10088, stack(0x0000006186500000,0x0000006186600000) (1024K)]
  0x000001b3fc4810e0 JavaThread "Unconstrained build operations Thread 30"        [_thread_blocked, id=38172, stack(0x0000006186600000,0x0000006186700000) (1024K)]
  0x000001b3fc481e00 JavaThread "Unconstrained build operations Thread 31"        [_thread_blocked, id=27580, stack(0x0000006186700000,0x0000006186800000) (1024K)]
  0x000001b3fc47fd30 JavaThread "Unconstrained build operations Thread 32"        [_thread_blocked, id=23048, stack(0x0000006186800000,0x0000006186900000) (1024K)]
  0x000001b3fc4803c0 JavaThread "Unconstrained build operations Thread 33"        [_thread_blocked, id=33324, stack(0x0000006186900000,0x0000006186a00000) (1024K)]
  0x000001b3fc480a50 JavaThread "Unconstrained build operations Thread 34"        [_thread_blocked, id=39264, stack(0x0000006186a00000,0x0000006186b00000) (1024K)]
  0x000001b38574fc30 JavaThread "Unconstrained build operations Thread 35"        [_thread_blocked, id=31560, stack(0x0000006186b00000,0x0000006186c00000) (1024K)]
  0x000001b38574db60 JavaThread "Unconstrained build operations Thread 36"        [_thread_blocked, id=26412, stack(0x0000006186f00000,0x0000006187000000) (1024K)]
  0x000001b38574c7b0 JavaThread "Unconstrained build operations Thread 37"        [_thread_blocked, id=36500, stack(0x0000006187000000,0x0000006187100000) (1024K)]
  0x000001b3fb5e2220 JavaThread "Unconstrained build operations Thread 38"        [_thread_blocked, id=38236, stack(0x0000006184f00000,0x0000006185000000) (1024K)]
  0x000001b3fb5e28b0 JavaThread "Unconstrained build operations Thread 39"        [_thread_blocked, id=34704, stack(0x0000006187100000,0x0000006187200000) (1024K)]
  0x000001b3850353a0 JavaThread "Unconstrained build operations Thread 40"        [_thread_blocked, id=19176, stack(0x0000006187200000,0x0000006187300000) (1024K)]
  0x000001b3850360c0 JavaThread "Unconstrained build operations Thread 41"        [_thread_blocked, id=1652, stack(0x0000006187300000,0x0000006187400000) (1024K)]
  0x000001b385037b00 JavaThread "Unconstrained build operations Thread 42"        [_thread_blocked, id=39376, stack(0x0000006187400000,0x0000006187500000) (1024K)]
  0x000001b385036de0 JavaThread "Unconstrained build operations Thread 43"        [_thread_blocked, id=39480, stack(0x0000006187500000,0x0000006187600000) (1024K)]
  0x000001b385038820 JavaThread "Unconstrained build operations Thread 44"        [_thread_blocked, id=40424, stack(0x0000006187600000,0x0000006187700000) (1024K)]
  0x000001b385037470 JavaThread "Unconstrained build operations Thread 45"        [_thread_blocked, id=34620, stack(0x0000006187700000,0x0000006187800000) (1024K)]
  0x000001b385038190 JavaThread "Unconstrained build operations Thread 46"        [_thread_blocked, id=22512, stack(0x0000006187800000,0x0000006187900000) (1024K)]
  0x000001b385035a30 JavaThread "Unconstrained build operations Thread 47"        [_thread_blocked, id=1304, stack(0x0000006187900000,0x0000006187a00000) (1024K)]
  0x000001b385036750 JavaThread "Unconstrained build operations Thread 48"        [_thread_blocked, id=36412, stack(0x0000006187a00000,0x0000006187b00000) (1024K)]
  0x000001b3faecd9b0 JavaThread "Unconstrained build operations Thread 49"        [_thread_blocked, id=34728, stack(0x0000006187b00000,0x0000006187c00000) (1024K)]
  0x000001b3851e7620 JavaThread "Unconstrained build operations Thread 50"        [_thread_blocked, id=1404, stack(0x0000006187c00000,0x0000006187d00000) (1024K)]
  0x000001b3fe9350f0 JavaThread "Unconstrained build operations Thread 51"        [_thread_blocked, id=17668, stack(0x0000006187d00000,0x0000006187e00000) (1024K)]
  0x000001b3fe935780 JavaThread "Unconstrained build operations Thread 52"        [_thread_blocked, id=26552, stack(0x0000006187e00000,0x0000006187f00000) (1024K)]
  0x000001b3fb125e20 JavaThread "build event listener"              [_thread_blocked, id=16632, stack(0x0000006185c00000,0x0000006185d00000) (1024K)]
  0x000001b3fb1264b0 JavaThread "build event listener"              [_thread_blocked, id=23800, stack(0x0000006188000000,0x0000006188100000) (1024K)]
  0x000001b38540fde0 JavaThread "C2 CompilerThread1"         daemon [_thread_blocked, id=6884, stack(0x0000006188100000,0x0000006188200000) (1024K)]
  0x000001b3843cbd80 JavaThread "pool-22-thread-1"                  [_thread_blocked, id=40496, stack(0x0000006188700000,0x0000006188800000) (1024K)]
  0x000001b3843cb6f0 JavaThread "build event listener"              [_thread_blocked, id=23744, stack(0x0000006188800000,0x0000006188900000) (1024K)]
  0x000001b3843cd7c0 JavaThread "included builds"                   [_thread_blocked, id=30052, stack(0x0000006188900000,0x0000006188a00000) (1024K)]
  0x000001b3ff0b1d80 JavaThread "Execution worker"                  [_thread_blocked, id=37792, stack(0x0000006188a00000,0x0000006188b00000) (1024K)]
  0x000001b3ff0b0340 JavaThread "Execution worker Thread 2"         [_thread_in_native, id=37604, stack(0x0000006188b00000,0x0000006188c00000) (1024K)]
  0x000001b3ff0b09d0 JavaThread "Execution worker Thread 3"         [_thread_blocked, id=24692, stack(0x0000006188c00000,0x0000006188d00000) (1024K)]
  0x000001b3ff0b16f0 JavaThread "Execution worker Thread 4"         [_thread_blocked, id=23540, stack(0x0000006188d00000,0x0000006188e00000) (1024K)]
  0x000001b3ff0b1060 JavaThread "Execution worker Thread 5"         [_thread_blocked, id=40620, stack(0x0000006188e00000,0x0000006188f00000) (1024K)]
  0x000001b3ff0af620 JavaThread "Execution worker Thread 6"         [_thread_blocked, id=37196, stack(0x0000006189000000,0x0000006189100000) (1024K)]
  0x000001b3ff0afcb0 JavaThread "Execution worker Thread 7"         [_thread_blocked, id=37908, stack(0x0000006189100000,0x0000006189200000) (1024K)]
  0x000001b3ff0b2410 JavaThread "Execution worker Thread 8"         [_thread_blocked, id=27556, stack(0x0000006189200000,0x0000006189300000) (1024K)]
  0x000001b3ff0aef90 JavaThread "Execution worker Thread 9"         [_thread_blocked, id=26964, stack(0x0000006189300000,0x0000006189400000) (1024K)]
  0x000001b3843ca9d0 JavaThread "Execution worker Thread 10"        [_thread_blocked, id=11988, stack(0x0000006189400000,0x0000006189500000) (1024K)]
  0x000001b3843cc410 JavaThread "Execution worker Thread 11"        [_thread_blocked, id=27124, stack(0x0000006189500000,0x0000006189600000) (1024K)]
  0x000001b3843cd130 JavaThread "Execution worker Thread 12"        [_thread_blocked, id=30528, stack(0x0000006189600000,0x0000006189700000) (1024K)]
  0x000001b3843cde50 JavaThread "Execution worker Thread 13"        [_thread_blocked, id=25444, stack(0x0000006189700000,0x0000006189800000) (1024K)]
  0x000001b3843cb060 JavaThread "Execution worker Thread 14"        [_thread_blocked, id=28372, stack(0x0000006189800000,0x0000006189900000) (1024K)]
  0x000001b3843ccaa0 JavaThread "Execution worker Thread 15"        [_thread_blocked, id=29516, stack(0x0000006189900000,0x0000006189a00000) (1024K)]
  0x000001b3844fb500 JavaThread "Cache worker for execution history cache (C:\Users\Rafie Zaidan U\AndroidStudioProjects\DiceRoller\.gradle\9.3.1\executionHistory)"        [_thread_blocked, id=32576, stack(0x0000006189a00000,0x0000006189b00000) (1024K)]
Total: 124

Other Threads:
  0x000001b3f24733e0 VMThread "VM Thread"                           [id=13924, stack(0x0000006181600000,0x0000006181700000) (1024K)]
  0x000001b3f24519e0 WatcherThread "VM Periodic Task Thread"        [id=34876, stack(0x0000006181500000,0x0000006181600000) (1024K)]
  0x000001b3da245750 WorkerThread "GC Thread#0"                     [id=468, stack(0x0000006181000000,0x0000006181100000) (1024K)]
  0x000001b3f77fde20 WorkerThread "GC Thread#1"                     [id=39324, stack(0x0000006182200000,0x0000006182300000) (1024K)]
  0x000001b3f77fe1c0 WorkerThread "GC Thread#2"                     [id=3852, stack(0x0000006182300000,0x0000006182400000) (1024K)]
  0x000001b3f77fe560 WorkerThread "GC Thread#3"                     [id=39552, stack(0x0000006182400000,0x0000006182500000) (1024K)]
  0x000001b3f77fe900 WorkerThread "GC Thread#4"                     [id=39684, stack(0x0000006182500000,0x0000006182600000) (1024K)]
  0x000001b3f72698c0 WorkerThread "GC Thread#5"                     [id=11920, stack(0x0000006182a00000,0x0000006182b00000) (1024K)]
  0x000001b3f85a0920 WorkerThread "GC Thread#6"                     [id=28604, stack(0x0000006182b00000,0x0000006182c00000) (1024K)]
  0x000001b3f75bfc40 WorkerThread "GC Thread#7"                     [id=11476, stack(0x0000006182c00000,0x0000006182d00000) (1024K)]
  0x000001b3f8be49e0 WorkerThread "GC Thread#8"                     [id=6996, stack(0x0000006182d00000,0x0000006182e00000) (1024K)]
  0x000001b3f8be3b60 WorkerThread "GC Thread#9"                     [id=21120, stack(0x0000006183400000,0x0000006183500000) (1024K)]
  0x000001b3f8be3f00 WorkerThread "GC Thread#10"                    [id=36132, stack(0x0000006183500000,0x0000006183600000) (1024K)]
  0x000001b3f8be4640 WorkerThread "GC Thread#11"                    [id=33528, stack(0x0000006183600000,0x0000006183700000) (1024K)]
  0x000001b3f8be3420 WorkerThread "GC Thread#12"                    [id=36996, stack(0x0000006183700000,0x0000006183800000) (1024K)]
  0x000001b3da2564e0 ConcurrentGCThread "G1 Main Marker"            [id=29996, stack(0x0000006181100000,0x0000006181200000) (1024K)]
  0x000001b3da257a70 WorkerThread "G1 Conc#0"                       [id=34584, stack(0x0000006181200000,0x0000006181300000) (1024K)]
  0x000001b3f8be3080 WorkerThread "G1 Conc#1"                       [id=40512, stack(0x0000006183800000,0x0000006183900000) (1024K)]
  0x000001b3f8be42a0 WorkerThread "G1 Conc#2"                       [id=35404, stack(0x0000006183900000,0x0000006183a00000) (1024K)]
  0x000001b3f22b4330 ConcurrentGCThread "G1 Refine#0"               [id=10236, stack(0x0000006181300000,0x0000006181400000) (1024K)]
  0x000001b3f22b4b50 ConcurrentGCThread "G1 Service"                [id=40420, stack(0x0000006181400000,0x0000006181500000) (1024K)]
Total: 21

Threads with active compile tasks:
C2 CompilerThread0  1264265 26317       4       java.io.ObjectOutputStream::writeClassDesc (60 bytes)
Total: 1

VM state: not at safepoint (normal execution)

VM Mutex/Monitor currently owned by a thread: None

Heap address: 0x0000000080000000, size: 2048 MB, Compressed Oops mode: 32-bit

CDS archive(s) not mapped
Compressed class space mapped at: 0x0000000100000000-0x0000000140000000, reserved size: 1073741824
Narrow klass base: 0x0000000000000000, Narrow klass shift: 3, Narrow klass range: 0x140000000

GC Precious Log:
 CardTable entry size: 512
 Card Set container configuration: InlinePtr #cards 5 size 8 Array Of Cards #cards 12 size 40 Howl #buckets 4 coarsen threshold 1843 Howl Bitmap #cards 512 size 80 coarsen threshold 460 Card regions per heap region 1 cards per card region 2048
 CPUs: 16 total, 16 available
 Memory: 15775M
 Large Page Support: Disabled
 NUMA Support: Disabled
 Compressed Oops: Enabled (32-bit)
 Heap Region Size: 1M
 Heap Min Capacity: 8M
 Heap Initial Capacity: 248M
 Heap Max Capacity: 2G
 Pre-touch: Disabled
 Parallel Workers: 13
 Concurrent Workers: 3
 Concurrent Refinement Workers: 13
 Periodic GC: Disabled

Heap:
 garbage-first heap   total 444416K, used 245006K [0x0000000080000000, 0x0000000100000000)
  region size 1024K, 86 young (88064K), 16 survivors (16384K)
 Metaspace       used 159684K, committed 162176K, reserved 1245184K
  class space    used 22175K, committed 23360K, reserved 1048576K

Heap Regions: E=young(eden), S=young(survivor), O=old, HS=humongous(starts), HC=humongous(continues), CS=collection set, F=free, TAMS=top-at-mark-start, PB=parsable bottom
|   0|0x0000000080000000, 0x0000000080100000, 0x0000000080100000|100%|HS|  |TAMS 0x0000000080000000| PB 0x0000000080000000| Complete 
|   1|0x0000000080100000, 0x0000000080200000, 0x0000000080200000|100%|HC|  |TAMS 0x0000000080100000| PB 0x0000000080100000| Complete 
|   2|0x0000000080200000, 0x0000000080300000, 0x0000000080300000|100%|HC|  |TAMS 0x0000000080200000| PB 0x0000000080200000| Complete 
|   3|0x0000000080300000, 0x0000000080400000, 0x0000000080400000|100%|HC|  |TAMS 0x0000000080300000| PB 0x0000000080300000| Complete 
|   4|0x0000000080400000, 0x0000000080500000, 0x0000000080500000|100%| O|  |TAMS 0x0000000080400000| PB 0x0000000080400000| Untracked 
|   5|0x0000000080500000, 0x0000000080600000, 0x0000000080600000|100%| O|  |TAMS 0x0000000080500000| PB 0x0000000080500000| Untracked 
|   6|0x0000000080600000, 0x0000000080700000, 0x0000000080700000|100%|HS|  |TAMS 0x0000000080600000| PB 0x0000000080600000| Complete 
|   7|0x0000000080700000, 0x0000000080800000, 0x0000000080800000|100%| O|  |TAMS 0x0000000080700000| PB 0x0000000080700000| Untracked 
|   8|0x0000000080800000, 0x0000000080900000, 0x0000000080900000|100%| O|  |TAMS 0x0000000080800000| PB 0x0000000080800000| Untracked 
|   9|0x0000000080900000, 0x0000000080a00000, 0x0000000080a00000|100%| O|  |TAMS 0x0000000080900000| PB 0x0000000080900000| Untracked 
|  10|0x0000000080a00000, 0x0000000080b00000, 0x0000000080b00000|100%| O|  |TAMS 0x0000000080a00000| PB 0x0000000080a00000| Untracked 
|  11|0x0000000080b00000, 0x0000000080c00000, 0x0000000080c00000|100%| O|  |TAMS 0x0000000080b00000| PB 0x0000000080b00000| Untracked 
|  12|0x0000000080c00000, 0x0000000080d00000, 0x0000000080d00000|100%| O|  |TAMS 0x0000000080c00000| PB 0x0000000080c00000| Untracked 
|  13|0x0000000080d00000, 0x0000000080e00000, 0x0000000080e00000|100%| O|  |TAMS 0x0000000080d00000| PB 0x0000000080d00000| Untracked 
|  14|0x0000000080e00000, 0x0000000080f00000, 0x0000000080f00000|100%| O|  |TAMS 0x0000000080e00000| PB 0x0000000080e00000| Untracked 
|  15|0x0000000080f00000, 0x0000000081000000, 0x0000000081000000|100%| O|  |TAMS 0x0000000080f00000| PB 0x0000000080f00000| Untracked 
|  16|0x0000000081000000, 0x0000000081100000, 0x0000000081100000|100%| O|  |TAMS 0x0000000081000000| PB 0x0000000081000000| Untracked 
|  17|0x0000000081100000, 0x0000000081200000, 0x0000000081200000|100%| O|  |TAMS 0x0000000081100000| PB 0x0000000081100000| Untracked 
|  18|0x0000000081200000, 0x0000000081300000, 0x0000000081300000|100%| O|  |TAMS 0x0000000081200000| PB 0x0000000081200000| Untracked 
|  19|0x0000000081300000, 0x0000000081400000, 0x0000000081400000|100%| O|  |TAMS 0x0000000081300000| PB 0x0000000081300000| Untracked 
|  20|0x0000000081400000, 0x0000000081500000, 0x0000000081500000|100%| O|  |TAMS 0x0000000081400000| PB 0x0000000081400000| Untracked 
|  21|0x0000000081500000, 0x0000000081600000, 0x0000000081600000|100%| O|  |TAMS 0x0000000081500000| PB 0x0000000081500000| Untracked 
|  22|0x0000000081600000, 0x0000000081700000, 0x0000000081700000|100%| O|  |TAMS 0x0000000081600000| PB 0x0000000081600000| Untracked 
|  23|0x0000000081700000, 0x0000000081800000, 0x0000000081800000|100%| O|  |TAMS 0x0000000081700000| PB 0x0000000081700000| Untracked 
|  24|0x0000000081800000, 0x0000000081900000, 0x0000000081900000|100%| O|  |TAMS 0x0000000081800000| PB 0x0000000081800000| Untracked 
|  25|0x0000000081900000, 0x0000000081a00000, 0x0000000081a00000|100%| O|  |TAMS 0x0000000081900000| PB 0x0000000081900000| Untracked 
|  26|0x0000000081a00000, 0x0000000081b00000, 0x0000000081b00000|100%| O|  |TAMS 0x0000000081a00000| PB 0x0000000081a00000| Untracked 
|  27|0x0000000081b00000, 0x0000000081c00000, 0x0000000081c00000|100%| O|  |TAMS 0x0000000081b00000| PB 0x0000000081b00000| Untracked 
|  28|0x0000000081c00000, 0x0000000081d00000, 0x0000000081d00000|100%| O|  |TAMS 0x0000000081c00000| PB 0x0000000081c00000| Untracked 
|  29|0x0000000081d00000, 0x0000000081e00000, 0x0000000081e00000|100%| O|  |TAMS 0x0000000081d00000| PB 0x0000000081d00000| Untracked 
|  30|0x0000000081e00000, 0x0000000081f00000, 0x0000000081f00000|100%| O|  |TAMS 0x0000000081e00000| PB 0x0000000081e00000| Untracked 
|  31|0x0000000081f00000, 0x0000000082000000, 0x0000000082000000|100%| O|  |TAMS 0x0000000081f00000| PB 0x0000000081f00000| Untracked 
|  32|0x0000000082000000, 0x0000000082100000, 0x0000000082100000|100%| O|  |TAMS 0x0000000082000000| PB 0x0000000082000000| Untracked 
|  33|0x0000000082100000, 0x0000000082200000, 0x0000000082200000|100%|HS|  |TAMS 0x0000000082100000| PB 0x0000000082100000| Complete 
|  34|0x0000000082200000, 0x0000000082300000, 0x0000000082300000|100%|HC|  |TAMS 0x0000000082200000| PB 0x0000000082200000| Complete 
|  35|0x0000000082300000, 0x0000000082400000, 0x0000000082400000|100%| O|  |TAMS 0x0000000082300000| PB 0x0000000082300000| Untracked 
|  36|0x0000000082400000, 0x0000000082500000, 0x0000000082500000|100%| O|  |TAMS 0x0000000082400000| PB 0x0000000082400000| Untracked 
|  37|0x0000000082500000, 0x0000000082600000, 0x0000000082600000|100%| O|  |TAMS 0x0000000082500000| PB 0x0000000082500000| Untracked 
|  38|0x0000000082600000, 0x0000000082700000, 0x0000000082700000|100%| O|  |TAMS 0x0000000082600000| PB 0x0000000082600000| Untracked 
|  39|0x0000000082700000, 0x0000000082800000, 0x0000000082800000|100%| O|  |TAMS 0x0000000082700000| PB 0x0000000082700000| Untracked 
|  40|0x0000000082800000, 0x0000000082900000, 0x0000000082900000|100%| O|  |TAMS 0x0000000082800000| PB 0x0000000082800000| Untracked 
|  41|0x0000000082900000, 0x0000000082a00000, 0x0000000082a00000|100%|HS|  |TAMS 0x0000000082900000| PB 0x0000000082900000| Complete 
|  42|0x0000000082a00000, 0x0000000082b00000, 0x0000000082b00000|100%| O|  |TAMS 0x0000000082a00000| PB 0x0000000082a00000| Untracked 
|  43|0x0000000082b00000, 0x0000000082c00000, 0x0000000082c00000|100%| O|  |TAMS 0x0000000082b00000| PB 0x0000000082b00000| Untracked 
|  44|0x0000000082c00000, 0x0000000082d00000, 0x0000000082d00000|100%| O|  |TAMS 0x0000000082c00000| PB 0x0000000082c00000| Untracked 
|  45|0x0000000082d00000, 0x0000000082e00000, 0x0000000082e00000|100%|HS|  |TAMS 0x0000000082d00000| PB 0x0000000082d00000| Complete 
|  46|0x0000000082e00000, 0x0000000082f00000, 0x0000000082f00000|100%| O|  |TAMS 0x0000000082e00000| PB 0x0000000082e00000| Untracked 
|  47|0x0000000082f00000, 0x0000000083000000, 0x0000000083000000|100%| O|  |TAMS 0x0000000082f00000| PB 0x0000000082f00000| Untracked 
|  48|0x0000000083000000, 0x0000000083100000, 0x0000000083100000|100%| O|  |TAMS 0x0000000083000000| PB 0x0000000083000000| Untracked 
|  49|0x0000000083100000, 0x0000000083200000, 0x0000000083200000|100%| O|  |TAMS 0x0000000083100000| PB 0x0000000083100000| Untracked 
|  50|0x0000000083200000, 0x0000000083300000, 0x0000000083300000|100%| O|  |TAMS 0x0000000083200000| PB 0x0000000083200000| Untracked 
|  51|0x0000000083300000, 0x0000000083400000, 0x0000000083400000|100%| O|  |TAMS 0x0000000083300000| PB 0x0000000083300000| Untracked 
|  52|0x0000000083400000, 0x0000000083500000, 0x0000000083500000|100%| O|  |TAMS 0x0000000083400000| PB 0x0000000083400000| Untracked 
|  53|0x0000000083500000, 0x0000000083600000, 0x0000000083600000|100%| O|  |TAMS 0x0000000083500000| PB 0x0000000083500000| Untracked 
|  54|0x0000000083600000, 0x0000000083700000, 0x0000000083700000|100%| O|  |TAMS 0x0000000083600000| PB 0x0000000083600000| Untracked 
|  55|0x0000000083700000, 0x0000000083800000, 0x0000000083800000|100%|HS|  |TAMS 0x0000000083700000| PB 0x0000000083700000| Complete 
|  56|0x0000000083800000, 0x0000000083900000, 0x0000000083900000|100%|HC|  |TAMS 0x0000000083800000| PB 0x0000000083800000| Complete 
|  57|0x0000000083900000, 0x0000000083a00000, 0x0000000083a00000|100%|HS|  |TAMS 0x0000000083900000| PB 0x0000000083900000| Complete 
|  58|0x0000000083a00000, 0x0000000083b00000, 0x0000000083b00000|100%|HS|  |TAMS 0x0000000083a00000| PB 0x0000000083a00000| Complete 
|  59|0x0000000083b00000, 0x0000000083c00000, 0x0000000083c00000|100%| O|  |TAMS 0x0000000083b00000| PB 0x0000000083b00000| Untracked 
|  60|0x0000000083c00000, 0x0000000083d00000, 0x0000000083d00000|100%| O|  |TAMS 0x0000000083c00000| PB 0x0000000083c00000| Untracked 
|  61|0x0000000083d00000, 0x0000000083e00000, 0x0000000083e00000|100%|HS|  |TAMS 0x0000000083d00000| PB 0x0000000083d00000| Complete 
|  62|0x0000000083e00000, 0x0000000083f00000, 0x0000000083f00000|100%| O|  |TAMS 0x0000000083e00000| PB 0x0000000083e00000| Untracked 
|  63|0x0000000083f00000, 0x0000000084000000, 0x0000000084000000|100%|HS|  |TAMS 0x0000000083f00000| PB 0x0000000083f00000| Complete 
|  64|0x0000000084000000, 0x0000000084100000, 0x0000000084100000|100%|HS|  |TAMS 0x0000000084000000| PB 0x0000000084000000| Complete 
|  65|0x0000000084100000, 0x0000000084200000, 0x0000000084200000|100%|HC|  |TAMS 0x0000000084100000| PB 0x0000000084100000| Complete 
|  66|0x0000000084200000, 0x0000000084300000, 0x0000000084300000|100%| O|  |TAMS 0x0000000084200000| PB 0x0000000084200000| Untracked 
|  67|0x0000000084300000, 0x0000000084400000, 0x0000000084400000|100%| O|  |TAMS 0x0000000084300000| PB 0x0000000084300000| Untracked 
|  68|0x0000000084400000, 0x0000000084500000, 0x0000000084500000|100%| O|  |TAMS 0x0000000084400000| PB 0x0000000084400000| Untracked 
|  69|0x0000000084500000, 0x0000000084600000, 0x0000000084600000|100%| O|  |TAMS 0x0000000084500000| PB 0x0000000084500000| Untracked 
|  70|0x0000000084600000, 0x0000000084700000, 0x0000000084700000|100%|HS|  |TAMS 0x0000000084600000| PB 0x0000000084600000| Complete 
|  71|0x0000000084700000, 0x0000000084800000, 0x0000000084800000|100%| O|  |TAMS 0x0000000084700000| PB 0x0000000084700000| Untracked 
|  72|0x0000000084800000, 0x0000000084900000, 0x0000000084900000|100%| O|  |TAMS 0x0000000084800000| PB 0x0000000084800000| Untracked 
|  73|0x0000000084900000, 0x0000000084a00000, 0x0000000084a00000|100%| O|  |TAMS 0x0000000084900000| PB 0x0000000084900000| Untracked 
|  74|0x0000000084a00000, 0x0000000084b00000, 0x0000000084b00000|100%| O|  |TAMS 0x0000000084a00000| PB 0x0000000084a00000| Untracked 
|  75|0x0000000084b00000, 0x0000000084c00000, 0x0000000084c00000|100%| O|  |TAMS 0x0000000084b00000| PB 0x0000000084b00000| Untracked 
|  76|0x0000000084c00000, 0x0000000084d00000, 0x0000000084d00000|100%| O|  |TAMS 0x0000000084c00000| PB 0x0000000084c00000| Untracked 
|  77|0x0000000084d00000, 0x0000000084e00000, 0x0000000084e00000|100%| O|  |TAMS 0x0000000084d00000| PB 0x0000000084d00000| Untracked 
|  78|0x0000000084e00000, 0x0000000084f00000, 0x0000000084f00000|100%| O|  |TAMS 0x0000000084e00000| PB 0x0000000084e00000| Untracked 
|  79|0x0000000084f00000, 0x0000000085000000, 0x0000000085000000|100%| O|  |TAMS 0x0000000084f00000| PB 0x0000000084f00000| Untracked 
|  80|0x0000000085000000, 0x0000000085100000, 0x0000000085100000|100%| O|  |TAMS 0x0000000085000000| PB 0x0000000085000000| Untracked 
|  81|0x0000000085100000, 0x0000000085200000, 0x0000000085200000|100%| O|  |TAMS 0x0000000085100000| PB 0x0000000085100000| Untracked 
|  82|0x0000000085200000, 0x0000000085300000, 0x0000000085300000|100%| O|  |TAMS 0x0000000085200000| PB 0x0000000085200000| Untracked 
|  83|0x0000000085300000, 0x0000000085400000, 0x0000000085400000|100%| O|  |TAMS 0x0000000085300000| PB 0x0000000085300000| Untracked 
|  84|0x0000000085400000, 0x0000000085500000, 0x0000000085500000|100%| O|  |TAMS 0x0000000085400000| PB 0x0000000085400000| Untracked 
|  85|0x0000000085500000, 0x0000000085600000, 0x0000000085600000|100%| O|  |TAMS 0x0000000085500000| PB 0x0000000085500000| Untracked 
|  86|0x0000000085600000, 0x0000000085700000, 0x0000000085700000|100%| O|  |TAMS 0x0000000085600000| PB 0x0000000085600000| Untracked 
|  87|0x0000000085700000, 0x0000000085800000, 0x0000000085800000|100%| O|  |TAMS 0x0000000085700000| PB 0x0000000085700000| Untracked 
|  88|0x0000000085800000, 0x0000000085900000, 0x0000000085900000|100%| O|Cm|TAMS 0x0000000085800000| PB 0x0000000085800000| Complete 
|  89|0x0000000085900000, 0x0000000085a00000, 0x0000000085a00000|100%| O|  |TAMS 0x0000000085900000| PB 0x0000000085900000| Untracked 
|  90|0x0000000085a00000, 0x0000000085b00000, 0x0000000085b00000|100%| O|  |TAMS 0x0000000085a00000| PB 0x0000000085a00000| Untracked 
|  91|0x0000000085b00000, 0x0000000085c00000, 0x0000000085c00000|100%| O|  |TAMS 0x0000000085b00000| PB 0x0000000085b00000| Untracked 
|  92|0x0000000085c00000, 0x0000000085d00000, 0x0000000085d00000|100%| O|  |TAMS 0x0000000085c00000| PB 0x0000000085c00000| Untracked 
|  93|0x0000000085d00000, 0x0000000085e00000, 0x0000000085e00000|100%| O|  |TAMS 0x0000000085d00000| PB 0x0000000085d00000| Untracked 
|  94|0x0000000085e00000, 0x0000000085f00000, 0x0000000085f00000|100%| O|  |TAMS 0x0000000085e00000| PB 0x0000000085e00000| Untracked 
|  95|0x0000000085f00000, 0x0000000086000000, 0x0000000086000000|100%| O|  |TAMS 0x0000000085f00000| PB 0x0000000085f00000| Untracked 
|  96|0x0000000086000000, 0x0000000086100000, 0x0000000086100000|100%| O|  |TAMS 0x0000000086000000| PB 0x0000000086000000| Untracked 
|  97|0x0000000086100000, 0x0000000086200000, 0x0000000086200000|100%| O|  |TAMS 0x0000000086100000| PB 0x0000000086100000| Untracked 
|  98|0x0000000086200000, 0x0000000086300000, 0x0000000086300000|100%| O|Cm|TAMS 0x0000000086200000| PB 0x0000000086200000| Complete 
|  99|0x0000000086300000, 0x0000000086400000, 0x0000000086400000|100%| O|  |TAMS 0x0000000086300000| PB 0x0000000086300000| Untracked 
| 100|0x0000000086400000, 0x0000000086500000, 0x0000000086500000|100%| O|  |TAMS 0x0000000086400000| PB 0x0000000086400000| Untracked 
| 101|0x0000000086500000, 0x0000000086600000, 0x0000000086600000|100%| O|  |TAMS 0x0000000086500000| PB 0x0000000086500000| Untracked 
| 102|0x0000000086600000, 0x0000000086700000, 0x0000000086700000|100%| O|  |TAMS 0x0000000086600000| PB 0x0000000086600000| Untracked 
| 103|0x0000000086700000, 0x0000000086800000, 0x0000000086800000|100%| O|  |TAMS 0x0000000086700000| PB 0x0000000086700000| Untracked 
| 104|0x0000000086800000, 0x0000000086900000, 0x0000000086900000|100%| O|  |TAMS 0x0000000086800000| PB 0x0000000086800000| Untracked 
| 105|0x0000000086900000, 0x0000000086a00000, 0x0000000086a00000|100%| O|  |TAMS 0x0000000086900000| PB 0x0000000086900000| Untracked 
| 106|0x0000000086a00000, 0x0000000086b00000, 0x0000000086b00000|100%| O|  |TAMS 0x0000000086a00000| PB 0x0000000086a00000| Untracked 
| 107|0x0000000086b00000, 0x0000000086c00000, 0x0000000086c00000|100%| O|  |TAMS 0x0000000086b00000| PB 0x0000000086b00000| Untracked 
| 108|0x0000000086c00000, 0x0000000086d00000, 0x0000000086d00000|100%| O|  |TAMS 0x0000000086c00000| PB 0x0000000086c00000| Untracked 
| 109|0x0000000086d00000, 0x0000000086e00000, 0x0000000086e00000|100%| O|  |TAMS 0x0000000086d00000| PB 0x0000000086d00000| Untracked 
| 110|0x0000000086e00000, 0x0000000086f00000, 0x0000000086f00000|100%| O|  |TAMS 0x0000000086e00000| PB 0x0000000086e00000| Untracked 
| 111|0x0000000086f00000, 0x0000000087000000, 0x0000000087000000|100%| O|  |TAMS 0x0000000086f00000| PB 0x0000000086f00000| Untracked 
| 112|0x0000000087000000, 0x0000000087100000, 0x0000000087100000|100%| O|  |TAMS 0x0000000087000000| PB 0x0000000087000000| Untracked 
| 113|0x0000000087100000, 0x0000000087200000, 0x0000000087200000|100%| O|  |TAMS 0x0000000087100000| PB 0x0000000087100000| Untracked 
| 114|0x0000000087200000, 0x0000000087300000, 0x0000000087300000|100%| O|Cm|TAMS 0x0000000087200000| PB 0x0000000087200000| Complete 
| 115|0x0000000087300000, 0x0000000087400000, 0x0000000087400000|100%| O|  |TAMS 0x0000000087300000| PB 0x0000000087300000| Untracked 
| 116|0x0000000087400000, 0x0000000087500000, 0x0000000087500000|100%| O|  |TAMS 0x0000000087400000| PB 0x0000000087400000| Untracked 
| 117|0x0000000087500000, 0x0000000087600000, 0x0000000087600000|100%| O|  |TAMS 0x0000000087500000| PB 0x0000000087500000| Untracked 
| 118|0x0000000087600000, 0x0000000087700000, 0x0000000087700000|100%| O|  |TAMS 0x0000000087600000| PB 0x0000000087600000| Untracked 
| 119|0x0000000087700000, 0x0000000087800000, 0x0000000087800000|100%| O|  |TAMS 0x0000000087700000| PB 0x0000000087700000| Untracked 
| 120|0x0000000087800000, 0x0000000087900000, 0x0000000087900000|100%| O|  |TAMS 0x0000000087800000| PB 0x0000000087800000| Untracked 
| 121|0x0000000087900000, 0x0000000087a00000, 0x0000000087a00000|100%| O|  |TAMS 0x0000000087900000| PB 0x0000000087900000| Untracked 
| 122|0x0000000087a00000, 0x0000000087b00000, 0x0000000087b00000|100%| O|  |TAMS 0x0000000087a00000| PB 0x0000000087a00000| Untracked 
| 123|0x0000000087b00000, 0x0000000087c00000, 0x0000000087c00000|100%| O|  |TAMS 0x0000000087b00000| PB 0x0000000087b00000| Untracked 
| 124|0x0000000087c00000, 0x0000000087d00000, 0x0000000087d00000|100%| O|  |TAMS 0x0000000087c00000| PB 0x0000000087c00000| Untracked 
| 125|0x0000000087d00000, 0x0000000087e00000, 0x0000000087e00000|100%| O|  |TAMS 0x0000000087d00000| PB 0x0000000087d00000| Untracked 
| 126|0x0000000087e00000, 0x0000000087f00000, 0x0000000087f00000|100%| O|  |TAMS 0x0000000087e00000| PB 0x0000000087e00000| Untracked 
| 127|0x0000000087f00000, 0x0000000088000000, 0x0000000088000000|100%| O|  |TAMS 0x0000000087f00000| PB 0x0000000087f00000| Untracked 
| 128|0x0000000088000000, 0x0000000088100000, 0x0000000088100000|100%| O|  |TAMS 0x0000000088000000| PB 0x0000000088000000| Untracked 
| 129|0x0000000088100000, 0x0000000088200000, 0x0000000088200000|100%| O|  |TAMS 0x0000000088100000| PB 0x0000000088100000| Untracked 
| 130|0x0000000088200000, 0x0000000088300000, 0x0000000088300000|100%| O|  |TAMS 0x0000000088200000| PB 0x0000000088200000| Untracked 
| 131|0x0000000088300000, 0x00000000883f6a08, 0x0000000088400000| 96%| O|  |TAMS 0x0000000088300000| PB 0x0000000088300000| Untracked 
| 132|0x0000000088400000, 0x0000000088400000, 0x0000000088500000|  0%| F|  |TAMS 0x0000000088400000| PB 0x0000000088400000| Untracked 
| 133|0x0000000088500000, 0x0000000088600000, 0x0000000088600000|100%| O|  |TAMS 0x0000000088500000| PB 0x0000000088500000| Untracked 
| 134|0x0000000088600000, 0x0000000088600000, 0x0000000088700000|  0%| F|  |TAMS 0x0000000088600000| PB 0x0000000088600000| Untracked 
| 135|0x0000000088700000, 0x0000000088700000, 0x0000000088800000|  0%| F|  |TAMS 0x0000000088700000| PB 0x0000000088700000| Untracked 
| 136|0x0000000088800000, 0x0000000088800000, 0x0000000088900000|  0%| F|  |TAMS 0x0000000088800000| PB 0x0000000088800000| Untracked 
| 137|0x0000000088900000, 0x0000000088900000, 0x0000000088a00000|  0%| F|  |TAMS 0x0000000088900000| PB 0x0000000088900000| Untracked 
| 138|0x0000000088a00000, 0x0000000088b00000, 0x0000000088b00000|100%| O|  |TAMS 0x0000000088a00000| PB 0x0000000088a00000| Untracked 
| 139|0x0000000088b00000, 0x0000000088c00000, 0x0000000088c00000|100%| O|  |TAMS 0x0000000088b00000| PB 0x0000000088b00000| Untracked 
| 140|0x0000000088c00000, 0x0000000088c00000, 0x0000000088d00000|  0%| F|  |TAMS 0x0000000088c00000| PB 0x0000000088c00000| Untracked 
| 141|0x0000000088d00000, 0x0000000088d00000, 0x0000000088e00000|  0%| F|  |TAMS 0x0000000088d00000| PB 0x0000000088d00000| Untracked 
| 142|0x0000000088e00000, 0x0000000088e00000, 0x0000000088f00000|  0%| F|  |TAMS 0x0000000088e00000| PB 0x0000000088e00000| Untracked 
| 143|0x0000000088f00000, 0x0000000088f4d048, 0x0000000089000000| 30%| S|CS|TAMS 0x0000000088f00000| PB 0x0000000088f00000| Complete 
| 144|0x0000000089000000, 0x0000000089100000, 0x0000000089100000|100%| S|CS|TAMS 0x0000000089000000| PB 0x0000000089000000| Complete 
| 145|0x0000000089100000, 0x0000000089200000, 0x0000000089200000|100%| S|CS|TAMS 0x0000000089100000| PB 0x0000000089100000| Complete 
| 146|0x0000000089200000, 0x0000000089300000, 0x0000000089300000|100%| S|CS|TAMS 0x0000000089200000| PB 0x0000000089200000| Complete 
| 147|0x0000000089300000, 0x0000000089400000, 0x0000000089400000|100%| S|CS|TAMS 0x0000000089300000| PB 0x0000000089300000| Complete 
| 148|0x0000000089400000, 0x0000000089400000, 0x0000000089500000|  0%| F|  |TAMS 0x0000000089400000| PB 0x0000000089400000| Untracked 
| 149|0x0000000089500000, 0x0000000089500000, 0x0000000089600000|  0%| F|  |TAMS 0x0000000089500000| PB 0x0000000089500000| Untracked 
| 150|0x0000000089600000, 0x0000000089600000, 0x0000000089700000|  0%| F|  |TAMS 0x0000000089600000| PB 0x0000000089600000| Untracked 
| 151|0x0000000089700000, 0x0000000089700000, 0x0000000089800000|  0%| F|  |TAMS 0x0000000089700000| PB 0x0000000089700000| Untracked 
| 152|0x0000000089800000, 0x0000000089800000, 0x0000000089900000|  0%| F|  |TAMS 0x0000000089800000| PB 0x0000000089800000| Untracked 
| 153|0x0000000089900000, 0x0000000089900000, 0x0000000089a00000|  0%| F|  |TAMS 0x0000000089900000| PB 0x0000000089900000| Untracked 
| 154|0x0000000089a00000, 0x0000000089a00000, 0x0000000089b00000|  0%| F|  |TAMS 0x0000000089a00000| PB 0x0000000089a00000| Untracked 
| 155|0x0000000089b00000, 0x0000000089b00000, 0x0000000089c00000|  0%| F|  |TAMS 0x0000000089b00000| PB 0x0000000089b00000| Untracked 
| 156|0x0000000089c00000, 0x0000000089c00000, 0x0000000089d00000|  0%| F|  |TAMS 0x0000000089c00000| PB 0x0000000089c00000| Untracked 
| 157|0x0000000089d00000, 0x0000000089e00000, 0x0000000089e00000|100%| S|CS|TAMS 0x0000000089d00000| PB 0x0000000089d00000| Complete 
| 158|0x0000000089e00000, 0x0000000089f00000, 0x0000000089f00000|100%| S|CS|TAMS 0x0000000089e00000| PB 0x0000000089e00000| Complete 
| 159|0x0000000089f00000, 0x000000008a000000, 0x000000008a000000|100%| S|CS|TAMS 0x0000000089f00000| PB 0x0000000089f00000| Complete 
| 160|0x000000008a000000, 0x000000008a100000, 0x000000008a100000|100%| S|CS|TAMS 0x000000008a000000| PB 0x000000008a000000| Complete 
| 161|0x000000008a100000, 0x000000008a200000, 0x000000008a200000|100%| S|CS|TAMS 0x000000008a100000| PB 0x000000008a100000| Complete 
| 162|0x000000008a200000, 0x000000008a300000, 0x000000008a300000|100%| S|CS|TAMS 0x000000008a200000| PB 0x000000008a200000| Complete 
| 163|0x000000008a300000, 0x000000008a400000, 0x000000008a400000|100%| S|CS|TAMS 0x000000008a300000| PB 0x000000008a300000| Complete 
| 164|0x000000008a400000, 0x000000008a500000, 0x000000008a500000|100%| S|CS|TAMS 0x000000008a400000| PB 0x000000008a400000| Complete 
| 165|0x000000008a500000, 0x000000008a600000, 0x000000008a600000|100%| S|CS|TAMS 0x000000008a500000| PB 0x000000008a500000| Complete 
| 166|0x000000008a600000, 0x000000008a700000, 0x000000008a700000|100%| S|CS|TAMS 0x000000008a600000| PB 0x000000008a600000| Complete 
| 167|0x000000008a700000, 0x000000008a800000, 0x000000008a800000|100%| S|CS|TAMS 0x000000008a700000| PB 0x000000008a700000| Complete 
| 168|0x000000008a800000, 0x000000008a800000, 0x000000008a900000|  0%| F|  |TAMS 0x000000008a800000| PB 0x000000008a800000| Untracked 
| 169|0x000000008a900000, 0x000000008a900000, 0x000000008aa00000|  0%| F|  |TAMS 0x000000008a900000| PB 0x000000008a900000| Untracked 
| 170|0x000000008aa00000, 0x000000008aa00000, 0x000000008ab00000|  0%| F|  |TAMS 0x000000008aa00000| PB 0x000000008aa00000| Untracked 
| 171|0x000000008ab00000, 0x000000008ac00000, 0x000000008ac00000|100%| O|  |TAMS 0x000000008ab00000| PB 0x000000008ab00000| Untracked 
| 172|0x000000008ac00000, 0x000000008ad00000, 0x000000008ad00000|100%| O|  |TAMS 0x000000008ac00000| PB 0x000000008ac00000| Untracked 
| 173|0x000000008ad00000, 0x000000008ae00000, 0x000000008ae00000|100%| O|  |TAMS 0x000000008ad00000| PB 0x000000008ad00000| Untracked 
| 174|0x000000008ae00000, 0x000000008af00000, 0x000000008af00000|100%| O|Cm|TAMS 0x000000008ae00000| PB 0x000000008ae00000| Complete 
| 175|0x000000008af00000, 0x000000008af00000, 0x000000008b000000|  0%| F|  |TAMS 0x000000008af00000| PB 0x000000008af00000| Untracked 
| 176|0x000000008b000000, 0x000000008b000000, 0x000000008b100000|  0%| F|  |TAMS 0x000000008b000000| PB 0x000000008b000000| Untracked 
| 177|0x000000008b100000, 0x000000008b100000, 0x000000008b200000|  0%| F|  |TAMS 0x000000008b100000| PB 0x000000008b100000| Untracked 
| 178|0x000000008b200000, 0x000000008b300000, 0x000000008b300000|100%| O|  |TAMS 0x000000008b200000| PB 0x000000008b200000| Untracked 
| 179|0x000000008b300000, 0x000000008b400000, 0x000000008b400000|100%| O|  |TAMS 0x000000008b300000| PB 0x000000008b300000| Untracked 
| 180|0x000000008b400000, 0x000000008b500000, 0x000000008b500000|100%| O|  |TAMS 0x000000008b400000| PB 0x000000008b400000| Untracked 
| 181|0x000000008b500000, 0x000000008b600000, 0x000000008b600000|100%| O|  |TAMS 0x000000008b500000| PB 0x000000008b500000| Untracked 
| 182|0x000000008b600000, 0x000000008b700000, 0x000000008b700000|100%| O|  |TAMS 0x000000008b600000| PB 0x000000008b600000| Untracked 
| 183|0x000000008b700000, 0x000000008b700000, 0x000000008b800000|  0%| F|  |TAMS 0x000000008b700000| PB 0x000000008b700000| Untracked 
| 184|0x000000008b800000, 0x000000008b800000, 0x000000008b900000|  0%| F|  |TAMS 0x000000008b800000| PB 0x000000008b800000| Untracked 
| 185|0x000000008b900000, 0x000000008b900000, 0x000000008ba00000|  0%| F|  |TAMS 0x000000008b900000| PB 0x000000008b900000| Untracked 
| 186|0x000000008ba00000, 0x000000008ba00000, 0x000000008bb00000|  0%| F|  |TAMS 0x000000008ba00000| PB 0x000000008ba00000| Untracked 
| 187|0x000000008bb00000, 0x000000008bb00000, 0x000000008bc00000|  0%| F|  |TAMS 0x000000008bb00000| PB 0x000000008bb00000| Untracked 
| 188|0x000000008bc00000, 0x000000008bc00000, 0x000000008bd00000|  0%| F|  |TAMS 0x000000008bc00000| PB 0x000000008bc00000| Untracked 
| 189|0x000000008bd00000, 0x000000008bd00000, 0x000000008be00000|  0%| F|  |TAMS 0x000000008bd00000| PB 0x000000008bd00000| Untracked 
| 190|0x000000008be00000, 0x000000008be00000, 0x000000008bf00000|  0%| F|  |TAMS 0x000000008be00000| PB 0x000000008be00000| Untracked 
| 191|0x000000008bf00000, 0x000000008bf00000, 0x000000008c000000|  0%| F|  |TAMS 0x000000008bf00000| PB 0x000000008bf00000| Untracked 
| 192|0x000000008c000000, 0x000000008c000000, 0x000000008c100000|  0%| F|  |TAMS 0x000000008c000000| PB 0x000000008c000000| Untracked 
| 193|0x000000008c100000, 0x000000008c100000, 0x000000008c200000|  0%| F|  |TAMS 0x000000008c100000| PB 0x000000008c100000| Untracked 
| 194|0x000000008c200000, 0x000000008c200000, 0x000000008c300000|  0%| F|  |TAMS 0x000000008c200000| PB 0x000000008c200000| Untracked 
| 195|0x000000008c300000, 0x000000008c300000, 0x000000008c400000|  0%| F|  |TAMS 0x000000008c300000| PB 0x000000008c300000| Untracked 
| 196|0x000000008c400000, 0x000000008c400000, 0x000000008c500000|  0%| F|  |TAMS 0x000000008c400000| PB 0x000000008c400000| Untracked 
| 197|0x000000008c500000, 0x000000008c500000, 0x000000008c600000|  0%| F|  |TAMS 0x000000008c500000| PB 0x000000008c500000| Untracked 
| 198|0x000000008c600000, 0x000000008c600000, 0x000000008c700000|  0%| F|  |TAMS 0x000000008c600000| PB 0x000000008c600000| Untracked 
| 199|0x000000008c700000, 0x000000008c700000, 0x000000008c800000|  0%| F|  |TAMS 0x000000008c700000| PB 0x000000008c700000| Untracked 
| 200|0x000000008c800000, 0x000000008c800000, 0x000000008c900000|  0%| F|  |TAMS 0x000000008c800000| PB 0x000000008c800000| Untracked 
| 201|0x000000008c900000, 0x000000008c900000, 0x000000008ca00000|  0%| F|  |TAMS 0x000000008c900000| PB 0x000000008c900000| Untracked 
| 202|0x000000008ca00000, 0x000000008ca00000, 0x000000008cb00000|  0%| F|  |TAMS 0x000000008ca00000| PB 0x000000008ca00000| Untracked 
| 203|0x000000008cb00000, 0x000000008cb00000, 0x000000008cc00000|  0%| F|  |TAMS 0x000000008cb00000| PB 0x000000008cb00000| Untracked 
| 204|0x000000008cc00000, 0x000000008cc00000, 0x000000008cd00000|  0%| F|  |TAMS 0x000000008cc00000| PB 0x000000008cc00000| Untracked 
| 205|0x000000008cd00000, 0x000000008cd00000, 0x000000008ce00000|  0%| F|  |TAMS 0x000000008cd00000| PB 0x000000008cd00000| Untracked 
| 206|0x000000008ce00000, 0x000000008ce00000, 0x000000008cf00000|  0%| F|  |TAMS 0x000000008ce00000| PB 0x000000008ce00000| Untracked 
| 207|0x000000008cf00000, 0x000000008cf00000, 0x000000008d000000|  0%| F|  |TAMS 0x000000008cf00000| PB 0x000000008cf00000| Untracked 
| 208|0x000000008d000000, 0x000000008d000000, 0x000000008d100000|  0%| F|  |TAMS 0x000000008d000000| PB 0x000000008d000000| Untracked 
| 209|0x000000008d100000, 0x000000008d100000, 0x000000008d200000|  0%| F|  |TAMS 0x000000008d100000| PB 0x000000008d100000| Untracked 
| 210|0x000000008d200000, 0x000000008d200000, 0x000000008d300000|  0%| F|  |TAMS 0x000000008d200000| PB 0x000000008d200000| Untracked 
| 211|0x000000008d300000, 0x000000008d300000, 0x000000008d400000|  0%| F|  |TAMS 0x000000008d300000| PB 0x000000008d300000| Untracked 
| 212|0x000000008d400000, 0x000000008d400000, 0x000000008d500000|  0%| F|  |TAMS 0x000000008d400000| PB 0x000000008d400000| Untracked 
| 213|0x000000008d500000, 0x000000008d500000, 0x000000008d600000|  0%| F|  |TAMS 0x000000008d500000| PB 0x000000008d500000| Untracked 
| 214|0x000000008d600000, 0x000000008d600000, 0x000000008d700000|  0%| F|  |TAMS 0x000000008d600000| PB 0x000000008d600000| Untracked 
| 215|0x000000008d700000, 0x000000008d700000, 0x000000008d800000|  0%| F|  |TAMS 0x000000008d700000| PB 0x000000008d700000| Untracked 
| 216|0x000000008d800000, 0x000000008d800000, 0x000000008d900000|  0%| F|  |TAMS 0x000000008d800000| PB 0x000000008d800000| Untracked 
| 217|0x000000008d900000, 0x000000008d900000, 0x000000008da00000|  0%| F|  |TAMS 0x000000008d900000| PB 0x000000008d900000| Untracked 
| 218|0x000000008da00000, 0x000000008da00000, 0x000000008db00000|  0%| F|  |TAMS 0x000000008da00000| PB 0x000000008da00000| Untracked 
| 219|0x000000008db00000, 0x000000008db00000, 0x000000008dc00000|  0%| F|  |TAMS 0x000000008db00000| PB 0x000000008db00000| Untracked 
| 220|0x000000008dc00000, 0x000000008dc00000, 0x000000008dd00000|  0%| F|  |TAMS 0x000000008dc00000| PB 0x000000008dc00000| Untracked 
| 221|0x000000008dd00000, 0x000000008dd00000, 0x000000008de00000|  0%| F|  |TAMS 0x000000008dd00000| PB 0x000000008dd00000| Untracked 
| 222|0x000000008de00000, 0x000000008de00000, 0x000000008df00000|  0%| F|  |TAMS 0x000000008de00000| PB 0x000000008de00000| Untracked 
| 223|0x000000008df00000, 0x000000008df00000, 0x000000008e000000|  0%| F|  |TAMS 0x000000008df00000| PB 0x000000008df00000| Untracked 
| 224|0x000000008e000000, 0x000000008e000000, 0x000000008e100000|  0%| F|  |TAMS 0x000000008e000000| PB 0x000000008e000000| Untracked 
| 225|0x000000008e100000, 0x000000008e100000, 0x000000008e200000|  0%| F|  |TAMS 0x000000008e100000| PB 0x000000008e100000| Untracked 
| 226|0x000000008e200000, 0x000000008e200000, 0x000000008e300000|  0%| F|  |TAMS 0x000000008e200000| PB 0x000000008e200000| Untracked 
| 227|0x000000008e300000, 0x000000008e300000, 0x000000008e400000|  0%| F|  |TAMS 0x000000008e300000| PB 0x000000008e300000| Untracked 
| 228|0x000000008e400000, 0x000000008e400000, 0x000000008e500000|  0%| F|  |TAMS 0x000000008e400000| PB 0x000000008e400000| Untracked 
| 229|0x000000008e500000, 0x000000008e500000, 0x000000008e600000|  0%| F|  |TAMS 0x000000008e500000| PB 0x000000008e500000| Untracked 
| 230|0x000000008e600000, 0x000000008e600000, 0x000000008e700000|  0%| F|  |TAMS 0x000000008e600000| PB 0x000000008e600000| Untracked 
| 231|0x000000008e700000, 0x000000008e700000, 0x000000008e800000|  0%| F|  |TAMS 0x000000008e700000| PB 0x000000008e700000| Untracked 
| 232|0x000000008e800000, 0x000000008e800000, 0x000000008e900000|  0%| F|  |TAMS 0x000000008e800000| PB 0x000000008e800000| Untracked 
| 233|0x000000008e900000, 0x000000008e900000, 0x000000008ea00000|  0%| F|  |TAMS 0x000000008e900000| PB 0x000000008e900000| Untracked 
| 234|0x000000008ea00000, 0x000000008ea00000, 0x000000008eb00000|  0%| F|  |TAMS 0x000000008ea00000| PB 0x000000008ea00000| Untracked 
| 235|0x000000008eb00000, 0x000000008eb00000, 0x000000008ec00000|  0%| F|  |TAMS 0x000000008eb00000| PB 0x000000008eb00000| Untracked 
| 236|0x000000008ec00000, 0x000000008ec00000, 0x000000008ed00000|  0%| F|  |TAMS 0x000000008ec00000| PB 0x000000008ec00000| Untracked 
| 237|0x000000008ed00000, 0x000000008ed00000, 0x000000008ee00000|  0%| F|  |TAMS 0x000000008ed00000| PB 0x000000008ed00000| Untracked 
| 238|0x000000008ee00000, 0x000000008ee00000, 0x000000008ef00000|  0%| F|  |TAMS 0x000000008ee00000| PB 0x000000008ee00000| Untracked 
| 239|0x000000008ef00000, 0x000000008ef00000, 0x000000008f000000|  0%| F|  |TAMS 0x000000008ef00000| PB 0x000000008ef00000| Untracked 
| 240|0x000000008f000000, 0x000000008f000000, 0x000000008f100000|  0%| F|  |TAMS 0x000000008f000000| PB 0x000000008f000000| Untracked 
| 241|0x000000008f100000, 0x000000008f100000, 0x000000008f200000|  0%| F|  |TAMS 0x000000008f100000| PB 0x000000008f100000| Untracked 
| 242|0x000000008f200000, 0x000000008f200000, 0x000000008f300000|  0%| F|  |TAMS 0x000000008f200000| PB 0x000000008f200000| Untracked 
| 243|0x000000008f300000, 0x000000008f300000, 0x000000008f400000|  0%| F|  |TAMS 0x000000008f300000| PB 0x000000008f300000| Untracked 
| 244|0x000000008f400000, 0x000000008f400000, 0x000000008f500000|  0%| F|  |TAMS 0x000000008f400000| PB 0x000000008f400000| Untracked 
| 245|0x000000008f500000, 0x000000008f500000, 0x000000008f600000|  0%| F|  |TAMS 0x000000008f500000| PB 0x000000008f500000| Untracked 
| 246|0x000000008f600000, 0x000000008f600000, 0x000000008f700000|  0%| F|  |TAMS 0x000000008f600000| PB 0x000000008f600000| Untracked 
| 247|0x000000008f700000, 0x000000008f700000, 0x000000008f800000|  0%| F|  |TAMS 0x000000008f700000| PB 0x000000008f700000| Untracked 
| 248|0x000000008f800000, 0x000000008f800000, 0x000000008f900000|  0%| F|  |TAMS 0x000000008f800000| PB 0x000000008f800000| Untracked 
| 249|0x000000008f900000, 0x000000008f900000, 0x000000008fa00000|  0%| F|  |TAMS 0x000000008f900000| PB 0x000000008f900000| Untracked 
| 250|0x000000008fa00000, 0x000000008fa00000, 0x000000008fb00000|  0%| F|  |TAMS 0x000000008fa00000| PB 0x000000008fa00000| Untracked 
| 251|0x000000008fb00000, 0x000000008fb00000, 0x000000008fc00000|  0%| F|  |TAMS 0x000000008fb00000| PB 0x000000008fb00000| Untracked 
| 252|0x000000008fc00000, 0x000000008fc00000, 0x000000008fd00000|  0%| F|  |TAMS 0x000000008fc00000| PB 0x000000008fc00000| Untracked 
| 253|0x000000008fd00000, 0x000000008fd00000, 0x000000008fe00000|  0%| F|  |TAMS 0x000000008fd00000| PB 0x000000008fd00000| Untracked 
| 254|0x000000008fe00000, 0x000000008fe00000, 0x000000008ff00000|  0%| F|  |TAMS 0x000000008fe00000| PB 0x000000008fe00000| Untracked 
| 255|0x000000008ff00000, 0x000000008ff00000, 0x0000000090000000|  0%| F|  |TAMS 0x000000008ff00000| PB 0x000000008ff00000| Untracked 
| 256|0x0000000090000000, 0x0000000090000000, 0x0000000090100000|  0%| F|  |TAMS 0x0000000090000000| PB 0x0000000090000000| Untracked 
| 257|0x0000000090100000, 0x0000000090100000, 0x0000000090200000|  0%| F|  |TAMS 0x0000000090100000| PB 0x0000000090100000| Untracked 
| 258|0x0000000090200000, 0x0000000090200000, 0x0000000090300000|  0%| F|  |TAMS 0x0000000090200000| PB 0x0000000090200000| Untracked 
| 259|0x0000000090300000, 0x0000000090300000, 0x0000000090400000|  0%| F|  |TAMS 0x0000000090300000| PB 0x0000000090300000| Untracked 
| 260|0x0000000090400000, 0x0000000090400000, 0x0000000090500000|  0%| F|  |TAMS 0x0000000090400000| PB 0x0000000090400000| Untracked 
| 261|0x0000000090500000, 0x0000000090500000, 0x0000000090600000|  0%| F|  |TAMS 0x0000000090500000| PB 0x0000000090500000| Untracked 
| 262|0x0000000090600000, 0x0000000090600000, 0x0000000090700000|  0%| F|  |TAMS 0x0000000090600000| PB 0x0000000090600000| Untracked 
| 263|0x0000000090700000, 0x0000000090700000, 0x0000000090800000|  0%| F|  |TAMS 0x0000000090700000| PB 0x0000000090700000| Untracked 
| 264|0x0000000090800000, 0x0000000090800000, 0x0000000090900000|  0%| F|  |TAMS 0x0000000090800000| PB 0x0000000090800000| Untracked 
| 265|0x0000000090900000, 0x0000000090900000, 0x0000000090a00000|  0%| F|  |TAMS 0x0000000090900000| PB 0x0000000090900000| Untracked 
| 266|0x0000000090a00000, 0x0000000090a00000, 0x0000000090b00000|  0%| F|  |TAMS 0x0000000090a00000| PB 0x0000000090a00000| Untracked 
| 267|0x0000000090b00000, 0x0000000090b00000, 0x0000000090c00000|  0%| F|  |TAMS 0x0000000090b00000| PB 0x0000000090b00000| Untracked 
| 268|0x0000000090c00000, 0x0000000090c00000, 0x0000000090d00000|  0%| F|  |TAMS 0x0000000090c00000| PB 0x0000000090c00000| Untracked 
| 269|0x0000000090d00000, 0x0000000090d00000, 0x0000000090e00000|  0%| F|  |TAMS 0x0000000090d00000| PB 0x0000000090d00000| Untracked 
| 270|0x0000000090e00000, 0x0000000090e00000, 0x0000000090f00000|  0%| F|  |TAMS 0x0000000090e00000| PB 0x0000000090e00000| Untracked 
| 271|0x0000000090f00000, 0x0000000090f00000, 0x0000000091000000|  0%| F|  |TAMS 0x0000000090f00000| PB 0x0000000090f00000| Untracked 
| 272|0x0000000091000000, 0x0000000091000000, 0x0000000091100000|  0%| F|  |TAMS 0x0000000091000000| PB 0x0000000091000000| Untracked 
| 273|0x0000000091100000, 0x0000000091100000, 0x0000000091200000|  0%| F|  |TAMS 0x0000000091100000| PB 0x0000000091100000| Untracked 
| 274|0x0000000091200000, 0x0000000091200000, 0x0000000091300000|  0%| F|  |TAMS 0x0000000091200000| PB 0x0000000091200000| Untracked 
| 275|0x0000000091300000, 0x0000000091300000, 0x0000000091400000|  0%| F|  |TAMS 0x0000000091300000| PB 0x0000000091300000| Untracked 
| 276|0x0000000091400000, 0x0000000091400000, 0x0000000091500000|  0%| F|  |TAMS 0x0000000091400000| PB 0x0000000091400000| Untracked 
| 277|0x0000000091500000, 0x0000000091500000, 0x0000000091600000|  0%| F|  |TAMS 0x0000000091500000| PB 0x0000000091500000| Untracked 
| 278|0x0000000091600000, 0x0000000091600000, 0x0000000091700000|  0%| F|  |TAMS 0x0000000091600000| PB 0x0000000091600000| Untracked 
| 279|0x0000000091700000, 0x0000000091700000, 0x0000000091800000|  0%| F|  |TAMS 0x0000000091700000| PB 0x0000000091700000| Untracked 
| 280|0x0000000091800000, 0x0000000091800000, 0x0000000091900000|  0%| F|  |TAMS 0x0000000091800000| PB 0x0000000091800000| Untracked 
| 281|0x0000000091900000, 0x0000000091900000, 0x0000000091a00000|  0%| F|  |TAMS 0x0000000091900000| PB 0x0000000091900000| Untracked 
| 282|0x0000000091a00000, 0x0000000091a00000, 0x0000000091b00000|  0%| F|  |TAMS 0x0000000091a00000| PB 0x0000000091a00000| Untracked 
| 283|0x0000000091b00000, 0x0000000091b00000, 0x0000000091c00000|  0%| F|  |TAMS 0x0000000091b00000| PB 0x0000000091b00000| Untracked 
| 284|0x0000000091c00000, 0x0000000091c00000, 0x0000000091d00000|  0%| F|  |TAMS 0x0000000091c00000| PB 0x0000000091c00000| Untracked 
| 285|0x0000000091d00000, 0x0000000091d00000, 0x0000000091e00000|  0%| F|  |TAMS 0x0000000091d00000| PB 0x0000000091d00000| Untracked 
| 286|0x0000000091e00000, 0x0000000091e00000, 0x0000000091f00000|  0%| F|  |TAMS 0x0000000091e00000| PB 0x0000000091e00000| Untracked 
| 287|0x0000000091f00000, 0x0000000091f00000, 0x0000000092000000|  0%| F|  |TAMS 0x0000000091f00000| PB 0x0000000091f00000| Untracked 
| 288|0x0000000092000000, 0x0000000092000000, 0x0000000092100000|  0%| F|  |TAMS 0x0000000092000000| PB 0x0000000092000000| Untracked 
| 289|0x0000000092100000, 0x0000000092100000, 0x0000000092200000|  0%| F|  |TAMS 0x0000000092100000| PB 0x0000000092100000| Untracked 
| 290|0x0000000092200000, 0x0000000092200000, 0x0000000092300000|  0%| F|  |TAMS 0x0000000092200000| PB 0x0000000092200000| Untracked 
| 291|0x0000000092300000, 0x0000000092300000, 0x0000000092400000|  0%| F|  |TAMS 0x0000000092300000| PB 0x0000000092300000| Untracked 
| 292|0x0000000092400000, 0x0000000092400000, 0x0000000092500000|  0%| F|  |TAMS 0x0000000092400000| PB 0x0000000092400000| Untracked 
| 293|0x0000000092500000, 0x0000000092500000, 0x0000000092600000|  0%| F|  |TAMS 0x0000000092500000| PB 0x0000000092500000| Untracked 
| 294|0x0000000092600000, 0x0000000092600000, 0x0000000092700000|  0%| F|  |TAMS 0x0000000092600000| PB 0x0000000092600000| Untracked 
| 295|0x0000000092700000, 0x0000000092700000, 0x0000000092800000|  0%| F|  |TAMS 0x0000000092700000| PB 0x0000000092700000| Untracked 
| 296|0x0000000092800000, 0x0000000092800000, 0x0000000092900000|  0%| F|  |TAMS 0x0000000092800000| PB 0x0000000092800000| Untracked 
| 297|0x0000000092900000, 0x0000000092900000, 0x0000000092a00000|  0%| F|  |TAMS 0x0000000092900000| PB 0x0000000092900000| Untracked 
| 298|0x0000000092a00000, 0x0000000092a00000, 0x0000000092b00000|  0%| F|  |TAMS 0x0000000092a00000| PB 0x0000000092a00000| Untracked 
| 299|0x0000000092b00000, 0x0000000092b00000, 0x0000000092c00000|  0%| F|  |TAMS 0x0000000092b00000| PB 0x0000000092b00000| Untracked 
| 300|0x0000000092c00000, 0x0000000092c00000, 0x0000000092d00000|  0%| F|  |TAMS 0x0000000092c00000| PB 0x0000000092c00000| Untracked 
| 301|0x0000000092d00000, 0x0000000092d00000, 0x0000000092e00000|  0%| F|  |TAMS 0x0000000092d00000| PB 0x0000000092d00000| Untracked 
| 302|0x0000000092e00000, 0x0000000092e00000, 0x0000000092f00000|  0%| F|  |TAMS 0x0000000092e00000| PB 0x0000000092e00000| Untracked 
| 303|0x0000000092f00000, 0x0000000092f00000, 0x0000000093000000|  0%| F|  |TAMS 0x0000000092f00000| PB 0x0000000092f00000| Untracked 
| 304|0x0000000093000000, 0x0000000093000000, 0x0000000093100000|  0%| F|  |TAMS 0x0000000093000000| PB 0x0000000093000000| Untracked 
| 305|0x0000000093100000, 0x0000000093100000, 0x0000000093200000|  0%| F|  |TAMS 0x0000000093100000| PB 0x0000000093100000| Untracked 
| 306|0x0000000093200000, 0x0000000093200000, 0x0000000093300000|  0%| F|  |TAMS 0x0000000093200000| PB 0x0000000093200000| Untracked 
| 307|0x0000000093300000, 0x0000000093300000, 0x0000000093400000|  0%| F|  |TAMS 0x0000000093300000| PB 0x0000000093300000| Untracked 
| 308|0x0000000093400000, 0x0000000093400000, 0x0000000093500000|  0%| F|  |TAMS 0x0000000093400000| PB 0x0000000093400000| Untracked 
| 309|0x0000000093500000, 0x0000000093500000, 0x0000000093600000|  0%| F|  |TAMS 0x0000000093500000| PB 0x0000000093500000| Untracked 
| 310|0x0000000093600000, 0x0000000093600000, 0x0000000093700000|  0%| F|  |TAMS 0x0000000093600000| PB 0x0000000093600000| Untracked 
| 311|0x0000000093700000, 0x0000000093700000, 0x0000000093800000|  0%| F|  |TAMS 0x0000000093700000| PB 0x0000000093700000| Untracked 
| 312|0x0000000093800000, 0x0000000093800000, 0x0000000093900000|  0%| F|  |TAMS 0x0000000093800000| PB 0x0000000093800000| Untracked 
| 313|0x0000000093900000, 0x0000000093900000, 0x0000000093a00000|  0%| F|  |TAMS 0x0000000093900000| PB 0x0000000093900000| Untracked 
| 314|0x0000000093a00000, 0x0000000093a00000, 0x0000000093b00000|  0%| F|  |TAMS 0x0000000093a00000| PB 0x0000000093a00000| Untracked 
| 315|0x0000000093b00000, 0x0000000093b00000, 0x0000000093c00000|  0%| F|  |TAMS 0x0000000093b00000| PB 0x0000000093b00000| Untracked 
| 316|0x0000000093c00000, 0x0000000093c00000, 0x0000000093d00000|  0%| F|  |TAMS 0x0000000093c00000| PB 0x0000000093c00000| Untracked 
| 317|0x0000000093d00000, 0x0000000093d00000, 0x0000000093e00000|  0%| F|  |TAMS 0x0000000093d00000| PB 0x0000000093d00000| Untracked 
| 318|0x0000000093e00000, 0x0000000093e00000, 0x0000000093f00000|  0%| F|  |TAMS 0x0000000093e00000| PB 0x0000000093e00000| Untracked 
| 319|0x0000000093f00000, 0x0000000093f00000, 0x0000000094000000|  0%| F|  |TAMS 0x0000000093f00000| PB 0x0000000093f00000| Untracked 
| 320|0x0000000094000000, 0x0000000094000000, 0x0000000094100000|  0%| F|  |TAMS 0x0000000094000000| PB 0x0000000094000000| Untracked 
| 321|0x0000000094100000, 0x0000000094100000, 0x0000000094200000|  0%| F|  |TAMS 0x0000000094100000| PB 0x0000000094100000| Untracked 
| 322|0x0000000094200000, 0x0000000094200000, 0x0000000094300000|  0%| F|  |TAMS 0x0000000094200000| PB 0x0000000094200000| Untracked 
| 323|0x0000000094300000, 0x0000000094300000, 0x0000000094400000|  0%| F|  |TAMS 0x0000000094300000| PB 0x0000000094300000| Untracked 
| 324|0x0000000094400000, 0x0000000094400000, 0x0000000094500000|  0%| F|  |TAMS 0x0000000094400000| PB 0x0000000094400000| Untracked 
| 325|0x0000000094500000, 0x0000000094500000, 0x0000000094600000|  0%| F|  |TAMS 0x0000000094500000| PB 0x0000000094500000| Untracked 
| 326|0x0000000094600000, 0x0000000094600000, 0x0000000094700000|  0%| F|  |TAMS 0x0000000094600000| PB 0x0000000094600000| Untracked 
| 327|0x0000000094700000, 0x0000000094700000, 0x0000000094800000|  0%| F|  |TAMS 0x0000000094700000| PB 0x0000000094700000| Untracked 
| 328|0x0000000094800000, 0x0000000094800000, 0x0000000094900000|  0%| F|  |TAMS 0x0000000094800000| PB 0x0000000094800000| Untracked 
| 329|0x0000000094900000, 0x0000000094900000, 0x0000000094a00000|  0%| F|  |TAMS 0x0000000094900000| PB 0x0000000094900000| Untracked 
| 330|0x0000000094a00000, 0x0000000094a00000, 0x0000000094b00000|  0%| F|  |TAMS 0x0000000094a00000| PB 0x0000000094a00000| Untracked 
| 331|0x0000000094b00000, 0x0000000094b00000, 0x0000000094c00000|  0%| F|  |TAMS 0x0000000094b00000| PB 0x0000000094b00000| Untracked 
| 332|0x0000000094c00000, 0x0000000094c00000, 0x0000000094d00000|  0%| F|  |TAMS 0x0000000094c00000| PB 0x0000000094c00000| Untracked 
| 333|0x0000000094d00000, 0x0000000094d00000, 0x0000000094e00000|  0%| F|  |TAMS 0x0000000094d00000| PB 0x0000000094d00000| Untracked 
| 334|0x0000000094e00000, 0x0000000094e00000, 0x0000000094f00000|  0%| F|  |TAMS 0x0000000094e00000| PB 0x0000000094e00000| Untracked 
| 335|0x0000000094f00000, 0x0000000094f00000, 0x0000000095000000|  0%| F|  |TAMS 0x0000000094f00000| PB 0x0000000094f00000| Untracked 
| 336|0x0000000095000000, 0x0000000095000000, 0x0000000095100000|  0%| F|  |TAMS 0x0000000095000000| PB 0x0000000095000000| Untracked 
| 337|0x0000000095100000, 0x0000000095100000, 0x0000000095200000|  0%| F|  |TAMS 0x0000000095100000| PB 0x0000000095100000| Untracked 
| 338|0x0000000095200000, 0x0000000095200000, 0x0000000095300000|  0%| F|  |TAMS 0x0000000095200000| PB 0x0000000095200000| Untracked 
| 339|0x0000000095300000, 0x0000000095300000, 0x0000000095400000|  0%| F|  |TAMS 0x0000000095300000| PB 0x0000000095300000| Untracked 
| 340|0x0000000095400000, 0x0000000095400000, 0x0000000095500000|  0%| F|  |TAMS 0x0000000095400000| PB 0x0000000095400000| Untracked 
| 341|0x0000000095500000, 0x0000000095500000, 0x0000000095600000|  0%| F|  |TAMS 0x0000000095500000| PB 0x0000000095500000| Untracked 
| 342|0x0000000095600000, 0x0000000095600000, 0x0000000095700000|  0%| F|  |TAMS 0x0000000095600000| PB 0x0000000095600000| Untracked 
| 343|0x0000000095700000, 0x0000000095700000, 0x0000000095800000|  0%| F|  |TAMS 0x0000000095700000| PB 0x0000000095700000| Untracked 
| 344|0x0000000095800000, 0x0000000095800000, 0x0000000095900000|  0%| F|  |TAMS 0x0000000095800000| PB 0x0000000095800000| Untracked 
| 345|0x0000000095900000, 0x0000000095900000, 0x0000000095a00000|  0%| F|  |TAMS 0x0000000095900000| PB 0x0000000095900000| Untracked 
| 346|0x0000000095a00000, 0x0000000095a00000, 0x0000000095b00000|  0%| F|  |TAMS 0x0000000095a00000| PB 0x0000000095a00000| Untracked 
| 347|0x0000000095b00000, 0x0000000095b00000, 0x0000000095c00000|  0%| F|  |TAMS 0x0000000095b00000| PB 0x0000000095b00000| Untracked 
| 348|0x0000000095c00000, 0x0000000095c00000, 0x0000000095d00000|  0%| F|  |TAMS 0x0000000095c00000| PB 0x0000000095c00000| Untracked 
| 349|0x0000000095d00000, 0x0000000095d00000, 0x0000000095e00000|  0%| F|  |TAMS 0x0000000095d00000| PB 0x0000000095d00000| Untracked 
| 350|0x0000000095e00000, 0x0000000095e00000, 0x0000000095f00000|  0%| F|  |TAMS 0x0000000095e00000| PB 0x0000000095e00000| Untracked 
| 351|0x0000000095f00000, 0x0000000095f00000, 0x0000000096000000|  0%| F|  |TAMS 0x0000000095f00000| PB 0x0000000095f00000| Untracked 
| 352|0x0000000096000000, 0x0000000096018900, 0x0000000096100000|  9%| E|  |TAMS 0x0000000096000000| PB 0x0000000096000000| Complete 
| 353|0x0000000096100000, 0x0000000096200000, 0x0000000096200000|100%| E|CS|TAMS 0x0000000096100000| PB 0x0000000096100000| Complete 
| 354|0x0000000096200000, 0x0000000096300000, 0x0000000096300000|100%| E|CS|TAMS 0x0000000096200000| PB 0x0000000096200000| Complete 
| 355|0x0000000096300000, 0x0000000096400000, 0x0000000096400000|100%| E|CS|TAMS 0x0000000096300000| PB 0x0000000096300000| Complete 
| 356|0x0000000096400000, 0x0000000096500000, 0x0000000096500000|100%| E|CS|TAMS 0x0000000096400000| PB 0x0000000096400000| Complete 
| 357|0x0000000096500000, 0x0000000096600000, 0x0000000096600000|100%| E|CS|TAMS 0x0000000096500000| PB 0x0000000096500000| Complete 
| 358|0x0000000096600000, 0x0000000096700000, 0x0000000096700000|100%| E|CS|TAMS 0x0000000096600000| PB 0x0000000096600000| Complete 
| 359|0x0000000096700000, 0x0000000096800000, 0x0000000096800000|100%| E|CS|TAMS 0x0000000096700000| PB 0x0000000096700000| Complete 
| 360|0x0000000096800000, 0x0000000096900000, 0x0000000096900000|100%| E|CS|TAMS 0x0000000096800000| PB 0x0000000096800000| Complete 
| 361|0x0000000096900000, 0x0000000096a00000, 0x0000000096a00000|100%| E|CS|TAMS 0x0000000096900000| PB 0x0000000096900000| Complete 
| 362|0x0000000096a00000, 0x0000000096b00000, 0x0000000096b00000|100%| E|CS|TAMS 0x0000000096a00000| PB 0x0000000096a00000| Complete 
| 363|0x0000000096b00000, 0x0000000096c00000, 0x0000000096c00000|100%| E|CS|TAMS 0x0000000096b00000| PB 0x0000000096b00000| Complete 
| 364|0x0000000096c00000, 0x0000000096d00000, 0x0000000096d00000|100%| E|CS|TAMS 0x0000000096c00000| PB 0x0000000096c00000| Complete 
| 365|0x0000000096d00000, 0x0000000096e00000, 0x0000000096e00000|100%| E|CS|TAMS 0x0000000096d00000| PB 0x0000000096d00000| Complete 
| 366|0x0000000096e00000, 0x0000000096f00000, 0x0000000096f00000|100%| E|CS|TAMS 0x0000000096e00000| PB 0x0000000096e00000| Complete 
| 367|0x0000000096f00000, 0x0000000097000000, 0x0000000097000000|100%| E|CS|TAMS 0x0000000096f00000| PB 0x0000000096f00000| Complete 
| 368|0x0000000097000000, 0x0000000097100000, 0x0000000097100000|100%| E|CS|TAMS 0x0000000097000000| PB 0x0000000097000000| Complete 
| 369|0x0000000097100000, 0x0000000097200000, 0x0000000097200000|100%| E|CS|TAMS 0x0000000097100000| PB 0x0000000097100000| Complete 
| 370|0x0000000097200000, 0x0000000097300000, 0x0000000097300000|100%| E|CS|TAMS 0x0000000097200000| PB 0x0000000097200000| Complete 
| 371|0x0000000097300000, 0x0000000097400000, 0x0000000097400000|100%| E|CS|TAMS 0x0000000097300000| PB 0x0000000097300000| Complete 
| 372|0x0000000097400000, 0x0000000097500000, 0x0000000097500000|100%| E|CS|TAMS 0x0000000097400000| PB 0x0000000097400000| Complete 
| 373|0x0000000097500000, 0x0000000097600000, 0x0000000097600000|100%| E|CS|TAMS 0x0000000097500000| PB 0x0000000097500000| Complete 
| 374|0x0000000097600000, 0x0000000097700000, 0x0000000097700000|100%| E|CS|TAMS 0x0000000097600000| PB 0x0000000097600000| Complete 
| 375|0x0000000097700000, 0x0000000097800000, 0x0000000097800000|100%| E|CS|TAMS 0x0000000097700000| PB 0x0000000097700000| Complete 
| 376|0x0000000097800000, 0x0000000097900000, 0x0000000097900000|100%| E|CS|TAMS 0x0000000097800000| PB 0x0000000097800000| Complete 
| 377|0x0000000097900000, 0x0000000097a00000, 0x0000000097a00000|100%| E|CS|TAMS 0x0000000097900000| PB 0x0000000097900000| Complete 
| 378|0x0000000097a00000, 0x0000000097b00000, 0x0000000097b00000|100%| E|CS|TAMS 0x0000000097a00000| PB 0x0000000097a00000| Complete 
| 379|0x0000000097b00000, 0x0000000097c00000, 0x0000000097c00000|100%| E|CS|TAMS 0x0000000097b00000| PB 0x0000000097b00000| Complete 
| 380|0x0000000097c00000, 0x0000000097d00000, 0x0000000097d00000|100%| E|CS|TAMS 0x0000000097c00000| PB 0x0000000097c00000| Complete 
| 381|0x0000000097d00000, 0x0000000097e00000, 0x0000000097e00000|100%| E|CS|TAMS 0x0000000097d00000| PB 0x0000000097d00000| Complete 
| 382|0x0000000097e00000, 0x0000000097f00000, 0x0000000097f00000|100%| E|CS|TAMS 0x0000000097e00000| PB 0x0000000097e00000| Complete 
| 383|0x0000000097f00000, 0x0000000098000000, 0x0000000098000000|100%| E|CS|TAMS 0x0000000097f00000| PB 0x0000000097f00000| Complete 
| 384|0x0000000098000000, 0x0000000098100000, 0x0000000098100000|100%| E|CS|TAMS 0x0000000098000000| PB 0x0000000098000000| Complete 
| 385|0x0000000098100000, 0x0000000098200000, 0x0000000098200000|100%| E|CS|TAMS 0x0000000098100000| PB 0x0000000098100000| Complete 
| 386|0x0000000098200000, 0x0000000098300000, 0x0000000098300000|100%| E|CS|TAMS 0x0000000098200000| PB 0x0000000098200000| Complete 
| 387|0x0000000098300000, 0x0000000098400000, 0x0000000098400000|100%| E|CS|TAMS 0x0000000098300000| PB 0x0000000098300000| Complete 
| 388|0x0000000098400000, 0x0000000098500000, 0x0000000098500000|100%| E|CS|TAMS 0x0000000098400000| PB 0x0000000098400000| Complete 
| 389|0x0000000098500000, 0x0000000098600000, 0x0000000098600000|100%| E|CS|TAMS 0x0000000098500000| PB 0x0000000098500000| Complete 
| 390|0x0000000098600000, 0x0000000098700000, 0x0000000098700000|100%| E|CS|TAMS 0x0000000098600000| PB 0x0000000098600000| Complete 
| 391|0x0000000098700000, 0x0000000098800000, 0x0000000098800000|100%| E|CS|TAMS 0x0000000098700000| PB 0x0000000098700000| Complete 
| 392|0x0000000098800000, 0x0000000098900000, 0x0000000098900000|100%| E|CS|TAMS 0x0000000098800000| PB 0x0000000098800000| Complete 
| 393|0x0000000098900000, 0x0000000098a00000, 0x0000000098a00000|100%| E|CS|TAMS 0x0000000098900000| PB 0x0000000098900000| Complete 
| 394|0x0000000098a00000, 0x0000000098b00000, 0x0000000098b00000|100%| E|CS|TAMS 0x0000000098a00000| PB 0x0000000098a00000| Complete 
| 395|0x0000000098b00000, 0x0000000098c00000, 0x0000000098c00000|100%| E|CS|TAMS 0x0000000098b00000| PB 0x0000000098b00000| Complete 
| 396|0x0000000098c00000, 0x0000000098d00000, 0x0000000098d00000|100%| E|CS|TAMS 0x0000000098c00000| PB 0x0000000098c00000| Complete 
| 397|0x0000000098d00000, 0x0000000098e00000, 0x0000000098e00000|100%| E|CS|TAMS 0x0000000098d00000| PB 0x0000000098d00000| Complete 
| 398|0x0000000098e00000, 0x0000000098f00000, 0x0000000098f00000|100%| E|CS|TAMS 0x0000000098e00000| PB 0x0000000098e00000| Complete 
| 399|0x0000000098f00000, 0x0000000099000000, 0x0000000099000000|100%| E|CS|TAMS 0x0000000098f00000| PB 0x0000000098f00000| Complete 
| 400|0x0000000099000000, 0x0000000099100000, 0x0000000099100000|100%| E|CS|TAMS 0x0000000099000000| PB 0x0000000099000000| Complete 
| 401|0x0000000099100000, 0x0000000099200000, 0x0000000099200000|100%| E|CS|TAMS 0x0000000099100000| PB 0x0000000099100000| Complete 
| 402|0x0000000099200000, 0x0000000099300000, 0x0000000099300000|100%| E|CS|TAMS 0x0000000099200000| PB 0x0000000099200000| Complete 
| 403|0x0000000099300000, 0x0000000099400000, 0x0000000099400000|100%| E|CS|TAMS 0x0000000099300000| PB 0x0000000099300000| Complete 
| 404|0x0000000099400000, 0x0000000099500000, 0x0000000099500000|100%| E|CS|TAMS 0x0000000099400000| PB 0x0000000099400000| Complete 
| 405|0x0000000099500000, 0x0000000099600000, 0x0000000099600000|100%| E|CS|TAMS 0x0000000099500000| PB 0x0000000099500000| Complete 
| 406|0x0000000099600000, 0x0000000099700000, 0x0000000099700000|100%| E|CS|TAMS 0x0000000099600000| PB 0x0000000099600000| Complete 
| 407|0x0000000099700000, 0x0000000099800000, 0x0000000099800000|100%| E|CS|TAMS 0x0000000099700000| PB 0x0000000099700000| Complete 
| 408|0x0000000099800000, 0x0000000099900000, 0x0000000099900000|100%| E|CS|TAMS 0x0000000099800000| PB 0x0000000099800000| Complete 
| 409|0x0000000099900000, 0x0000000099a00000, 0x0000000099a00000|100%| E|CS|TAMS 0x0000000099900000| PB 0x0000000099900000| Complete 
| 410|0x0000000099a00000, 0x0000000099b00000, 0x0000000099b00000|100%| E|CS|TAMS 0x0000000099a00000| PB 0x0000000099a00000| Complete 
| 411|0x0000000099b00000, 0x0000000099c00000, 0x0000000099c00000|100%| E|CS|TAMS 0x0000000099b00000| PB 0x0000000099b00000| Complete 
| 412|0x0000000099c00000, 0x0000000099d00000, 0x0000000099d00000|100%| E|CS|TAMS 0x0000000099c00000| PB 0x0000000099c00000| Complete 
|2027|0x00000000feb00000, 0x00000000fec00000, 0x00000000fec00000|100%| O|  |TAMS 0x00000000feb00000| PB 0x00000000feb00000| Untracked 
|2028|0x00000000fec00000, 0x00000000fed00000, 0x00000000fed00000|100%| O|Cm|TAMS 0x00000000fec00000| PB 0x00000000fec00000| Complete 
|2029|0x00000000fed00000, 0x00000000fee00000, 0x00000000fee00000|100%| E|CS|TAMS 0x00000000fed00000| PB 0x00000000fed00000| Complete 
|2030|0x00000000fee00000, 0x00000000fef00000, 0x00000000fef00000|100%| E|CS|TAMS 0x00000000fee00000| PB 0x00000000fee00000| Complete 
|2031|0x00000000fef00000, 0x00000000ff000000, 0x00000000ff000000|100%| E|CS|TAMS 0x00000000fef00000| PB 0x00000000fef00000| Complete 
|2032|0x00000000ff000000, 0x00000000ff100000, 0x00000000ff100000|100%| E|CS|TAMS 0x00000000ff000000| PB 0x00000000ff000000| Complete 
|2033|0x00000000ff100000, 0x00000000ff200000, 0x00000000ff200000|100%| E|CS|TAMS 0x00000000ff100000| PB 0x00000000ff100000| Complete 
|2034|0x00000000ff200000, 0x00000000ff300000, 0x00000000ff300000|100%| E|CS|TAMS 0x00000000ff200000| PB 0x00000000ff200000| Complete 
|2035|0x00000000ff300000, 0x00000000ff400000, 0x00000000ff400000|100%| E|CS|TAMS 0x00000000ff300000| PB 0x00000000ff300000| Complete 
|2036|0x00000000ff400000, 0x00000000ff500000, 0x00000000ff500000|100%| E|CS|TAMS 0x00000000ff400000| PB 0x00000000ff400000| Complete 
|2037|0x00000000ff500000, 0x00000000ff600000, 0x00000000ff600000|100%| O|  |TAMS 0x00000000ff500000| PB 0x00000000ff500000| Untracked 
|2038|0x00000000ff600000, 0x00000000ff700000, 0x00000000ff700000|100%| O|  |TAMS 0x00000000ff600000| PB 0x00000000ff600000| Untracked 
|2039|0x00000000ff700000, 0x00000000ff800000, 0x00000000ff800000|100%| O|  |TAMS 0x00000000ff700000| PB 0x00000000ff700000| Untracked 
|2040|0x00000000ff800000, 0x00000000ff900000, 0x00000000ff900000|100%| O|  |TAMS 0x00000000ff800000| PB 0x00000000ff800000| Untracked 
|2041|0x00000000ff900000, 0x00000000ffa00000, 0x00000000ffa00000|100%| O|  |TAMS 0x00000000ff900000| PB 0x00000000ff900000| Untracked 
|2042|0x00000000ffa00000, 0x00000000ffb00000, 0x00000000ffb00000|100%| E|CS|TAMS 0x00000000ffa00000| PB 0x00000000ffa00000| Complete 
|2043|0x00000000ffb00000, 0x00000000ffc00000, 0x00000000ffc00000|100%| O|  |TAMS 0x00000000ffb00000| PB 0x00000000ffb00000| Untracked 
|2044|0x00000000ffc00000, 0x00000000ffd00000, 0x00000000ffd00000|100%| O|  |TAMS 0x00000000ffc00000| PB 0x00000000ffc00000| Untracked 
|2045|0x00000000ffd00000, 0x00000000ffe00000, 0x00000000ffe00000|100%| O|  |TAMS 0x00000000ffd00000| PB 0x00000000ffd00000| Untracked 
|2046|0x00000000ffe00000, 0x00000000fff00000, 0x00000000fff00000|100%| O|Cm|TAMS 0x00000000ffe00000| PB 0x00000000ffe00000| Complete 
|2047|0x00000000fff00000, 0x0000000100000000, 0x0000000100000000|100%| E|CS|TAMS 0x00000000fff00000| PB 0x00000000fff00000| Complete 

Card table byte_map: [0x000001b3ecfe0000,0x000001b3ed3e0000] _byte_map_base: 0x000001b3ecbe0000

Marking Bits: (CMBitMap*) 0x000001b3da245c00
 Bits: [0x000001b3ed3e0000, 0x000001b3ef3e0000)

Polling page: 0x000001b3d83b0000

Metaspace:

Usage:
  Non-class:    134.29 MB used.
      Class:     21.66 MB used.
       Both:    155.94 MB used.

Virtual space:
  Non-class space:      192.00 MB reserved,     135.56 MB ( 71%) committed,  3 nodes.
      Class space:        1.00 GB reserved,      22.81 MB (  2%) committed,  1 nodes.
             Both:        1.19 GB reserved,     158.38 MB ( 13%) committed. 

Chunk freelists:
   Non-Class:  7.59 MB
       Class:  9.20 MB
        Both:  16.79 MB

MaxMetaspaceSize: unlimited
CompressedClassSpaceSize: 1.00 GB
Initial GC threshold: 21.00 MB
Current GC threshold: 263.75 MB
CDS: off
 - commit_granule_bytes: 65536.
 - commit_granule_words: 8192.
 - virtual_space_node_default_size: 8388608.
 - enlarge_chunks_in_place: 1.
 - use_allocation_guard: 0.


Internal statistics:

num_allocs_failed_limit: 9.
num_arena_births: 5168.
num_arena_deaths: 58.
num_vsnodes_births: 4.
num_vsnodes_deaths: 0.
num_space_committed: 2531.
num_space_uncommitted: 0.
num_chunks_returned_to_freelist: 92.
num_chunks_taken_from_freelist: 12220.
num_chunk_merges: 25.
num_chunk_splits: 7942.
num_chunks_enlarged: 5037.
num_inconsistent_stats: 0.

CodeHeap 'non-profiled nmethods': size=119168Kb used=12488Kb max_used=14896Kb free=106679Kb
 bounds [0x000001b3e4ef0000, 0x000001b3e5d80000, 0x000001b3ec350000]
CodeHeap 'profiled nmethods': size=119104Kb used=32364Kb max_used=43284Kb free=86739Kb
 bounds [0x000001b3dd350000, 0x000001b3dfda0000, 0x000001b3e47a0000]
CodeHeap 'non-nmethods': size=7488Kb used=2112Kb max_used=3870Kb free=5375Kb
 bounds [0x000001b3e47a0000, 0x000001b3e4b70000, 0x000001b3e4ef0000]
CodeCache: size=245760Kb, used=46964Kb, max_used=62050Kb, free=198793Kb
 total_blobs=16730, nmethods=15752, adapters=880, full_count=0
Compilation: enabled, stopped_count=0, restarted_count=0

Compilation events (20 events):
Event: 1260.892 Thread 0x000001b3f2567af0 26475       3       org.gradle.internal.snapshot.impl.ImplementationSnapshot::snapshot (20 bytes)
Event: 1260.892 Thread 0x000001b385411250 26476       3       org.gradle.internal.snapshot.impl.ClassImplementationSnapshot::isSameSnapshot (6 bytes)
Event: 1260.892 Thread 0x000001b385411250 nmethod 26476 0x000001b3dd5edf90 code [0x000001b3dd5ee140, 0x000001b3dd5ee298]
Event: 1260.893 Thread 0x000001b3f2567af0 nmethod 26475 0x000001b3dd7d6590 code [0x000001b3dd7d6780, 0x000001b3dd7d6c20]
Event: 1260.895 Thread 0x000001b385411250 26477       3       com.google.common.collect.Maps$FilteredEntryNavigableMap::comparator (10 bytes)
Event: 1260.895 Thread 0x000001b385411250 nmethod 26477 0x000001b3dd766f90 code [0x000001b3dd767140, 0x000001b3dd767310]
Event: 1260.895 Thread 0x000001b385411250 26478       3       com.android.build.gradle.internal.profile.TaskProfilingRecord::<init> (113 bytes)
Event: 1260.896 Thread 0x000001b3f2567af0 26479       3       com.google.wireless.android.sdk.stats.GradleBuildProfileSpan$Builder::getTaskFieldBuilder (40 bytes)
Event: 1260.898 Thread 0x000001b3f2567af0 nmethod 26479 0x000001b3dd546410 code [0x000001b3dd546620, 0x000001b3dd546cd0]
Event: 1260.898 Thread 0x000001b385411250 nmethod 26478 0x000001b3dd666790 code [0x000001b3dd666ba0, 0x000001b3dd6687e8]
Event: 1262.204 Thread 0x000001b3f2567af0 26480       3       org.gradle.internal.resolve.result.DefaultBuildableComponentResolveResult::getFailure (9 bytes)
Event: 1262.930 Thread 0x000001b3f2567af0 nmethod 26480 0x000001b3dd609110 code [0x000001b3dd6092e0, 0x000001b3dd609640]
Event: 1262.940 Thread 0x000001b385411ff0 nmethod 26449 0x000001b3e5459d90 code [0x000001b3e545a1a0, 0x000001b3e545be28]
Event: 1262.940 Thread 0x000001b385411ff0 26467       4       java.io.ObjectStreamClass$FieldReflectorKey::<init> (76 bytes)
Event: 1262.961 Thread 0x000001b385411ff0 nmethod 26467 0x000001b3e4efdf90 code [0x000001b3e4efe160, 0x000001b3e4efe9c8]
Event: 1262.961 Thread 0x000001b385411ff0 26473       4       java.util.concurrent.atomic.AtomicInteger::getAndDecrement (12 bytes)
Event: 1262.962 Thread 0x000001b385411ff0 nmethod 26473 0x000001b3e504e790 code [0x000001b3e504e920, 0x000001b3e504e9b0]
Event: 1262.962 Thread 0x000001b385411ff0 26474       4       java.util.concurrent.LinkedBlockingQueue::dequeue (32 bytes)
Event: 1262.965 Thread 0x000001b385411ff0 nmethod 26474 0x000001b3e4f3d090 code [0x000001b3e4f3d220, 0x000001b3e4f3d468]
Event: 1262.988 Thread 0x000001b38540fde0 nmethod 26466 0x000001b3e5133f10 code [0x000001b3e5134360, 0x000001b3e51372e0]

GC Heap History (20 events):
Event: 68.972 GC heap before
{Heap before GC invocations=65 (full 0):
 garbage-first heap   total 417792K, used 155599K [0x0000000080000000, 0x0000000100000000)
  region size 1024K, 35 young (35840K), 16 survivors (16384K)
 Metaspace       used 148666K, committed 151168K, reserved 1179648K
  class space    used 21446K, committed 22656K, reserved 1048576K
}
Event: 68.987 GC heap after
{Heap after GC invocations=66 (full 0):
 garbage-first heap   total 417792K, used 139617K [0x0000000080000000, 0x0000000100000000)
  region size 1024K, 18 young (18432K), 18 survivors (18432K)
 Metaspace       used 148666K, committed 151168K, reserved 1179648K
  class space    used 21446K, committed 22656K, reserved 1048576K
}
Event: 127.792 GC heap before
{Heap before GC invocations=67 (full 0):
 garbage-first heap   total 417792K, used 364897K [0x0000000080000000, 0x0000000100000000)
  region size 1024K, 219 young (224256K), 18 survivors (18432K)
 Metaspace       used 155821K, committed 158336K, reserved 1245184K
  class space    used 22134K, committed 23360K, reserved 1048576K
}
Event: 127.809 GC heap after
{Heap after GC invocations=68 (full 0):
 garbage-first heap   total 417792K, used 143199K [0x0000000080000000, 0x0000000100000000)
  region size 1024K, 19 young (19456K), 19 survivors (19456K)
 Metaspace       used 155821K, committed 158336K, reserved 1245184K
  class space    used 22134K, committed 23360K, reserved 1048576K
}
Event: 239.745 GC heap before
{Heap before GC invocations=68 (full 0):
 garbage-first heap   total 417792K, used 356191K [0x0000000080000000, 0x0000000100000000)
  region size 1024K, 228 young (233472K), 19 survivors (19456K)
 Metaspace       used 156463K, committed 159040K, reserved 1245184K
  class space    used 22142K, committed 23360K, reserved 1048576K
}
Event: 239.795 GC heap after
{Heap after GC invocations=69 (full 0):
 garbage-first heap   total 417792K, used 151517K [0x0000000080000000, 0x0000000100000000)
  region size 1024K, 25 young (25600K), 25 survivors (25600K)
 Metaspace       used 156463K, committed 159040K, reserved 1245184K
  class space    used 22142K, committed 23360K, reserved 1048576K
}
Event: 509.781 GC heap before
{Heap before GC invocations=69 (full 0):
 garbage-first heap   total 417792K, used 363485K [0x0000000080000000, 0x0000000100000000)
  region size 1024K, 232 young (237568K), 25 survivors (25600K)
 Metaspace       used 156483K, committed 159040K, reserved 1245184K
  class space    used 22143K, committed 23360K, reserved 1048576K
}
Event: 509.933 GC heap after
{Heap after GC invocations=70 (full 0):
 garbage-first heap   total 417792K, used 151696K [0x0000000080000000, 0x0000000100000000)
  region size 1024K, 15 young (15360K), 15 survivors (15360K)
 Metaspace       used 156483K, committed 159040K, reserved 1245184K
  class space    used 22143K, committed 23360K, reserved 1048576K
}
Event: 589.722 GC heap before
{Heap before GC invocations=71 (full 0):
 garbage-first heap   total 417792K, used 371856K [0x0000000080000000, 0x0000000100000000)
  region size 1024K, 231 young (236544K), 15 survivors (15360K)
 Metaspace       used 156996K, committed 159552K, reserved 1245184K
  class space    used 22150K, committed 23360K, reserved 1048576K
}
Event: 589.754 GC heap after
{Heap after GC invocations=72 (full 0):
 garbage-first heap   total 417792K, used 165592K [0x0000000080000000, 0x0000000100000000)
  region size 1024K, 28 young (28672K), 28 survivors (28672K)
 Metaspace       used 156996K, committed 159552K, reserved 1245184K
  class space    used 22150K, committed 23360K, reserved 1048576K
}
Event: 739.740 GC heap before
{Heap before GC invocations=72 (full 0):
 garbage-first heap   total 417792K, used 394968K [0x0000000080000000, 0x0000000100000000)
  region size 1024K, 233 young (238592K), 28 survivors (28672K)
 Metaspace       used 157701K, committed 160192K, reserved 1245184K
  class space    used 22160K, committed 23360K, reserved 1048576K
}
Event: 739.916 GC heap after
{Heap after GC invocations=73 (full 0):
 garbage-first heap   total 424960K, used 162934K [0x0000000080000000, 0x0000000100000000)
  region size 1024K, 13 young (13312K), 13 survivors (13312K)
 Metaspace       used 157701K, committed 160192K, reserved 1245184K
  class space    used 22160K, committed 23360K, reserved 1048576K
}
Event: 850.877 GC heap before
{Heap before GC invocations=73 (full 0):
 garbage-first heap   total 424960K, used 388214K [0x0000000080000000, 0x0000000100000000)
  region size 1024K, 233 young (238592K), 13 survivors (13312K)
 Metaspace       used 158075K, committed 160640K, reserved 1245184K
  class space    used 22174K, committed 23360K, reserved 1048576K
}
Event: 850.984 GC heap after
{Heap after GC invocations=74 (full 0):
 garbage-first heap   total 424960K, used 173602K [0x0000000080000000, 0x0000000100000000)
  region size 1024K, 24 young (24576K), 24 survivors (24576K)
 Metaspace       used 158075K, committed 160640K, reserved 1245184K
  class space    used 22174K, committed 23360K, reserved 1048576K
}
Event: 1009.756 GC heap before
{Heap before GC invocations=75 (full 0):
 garbage-first heap   total 424960K, used 399788K [0x0000000080000000, 0x0000000100000000)
  region size 1024K, 234 young (239616K), 24 survivors (24576K)
 Metaspace       used 158905K, committed 161472K, reserved 1245184K
  class space    used 22164K, committed 23360K, reserved 1048576K
}
Event: 1009.868 GC heap after
{Heap after GC invocations=76 (full 0):
 garbage-first heap   total 428032K, used 166577K [0x0000000080000000, 0x0000000100000000)
  region size 1024K, 14 young (14336K), 14 survivors (14336K)
 Metaspace       used 158905K, committed 161472K, reserved 1245184K
  class space    used 22164K, committed 23360K, reserved 1048576K
}
Event: 1017.507 GC heap before
{Heap before GC invocations=76 (full 0):
 garbage-first heap   total 428032K, used 415409K [0x0000000080000000, 0x0000000100000000)
  region size 1024K, 238 young (243712K), 14 survivors (14336K)
 Metaspace       used 159493K, committed 161984K, reserved 1245184K
  class space    used 22171K, committed 23360K, reserved 1048576K
}
Event: 1017.528 GC heap after
{Heap after GC invocations=77 (full 0):
 garbage-first heap   total 444416K, used 173469K [0x0000000080000000, 0x0000000100000000)
  region size 1024K, 25 young (25600K), 25 survivors (25600K)
 Metaspace       used 159493K, committed 161984K, reserved 1245184K
  class space    used 22171K, committed 23360K, reserved 1048576K
}
Event: 1257.544 GC heap before
{Heap before GC invocations=77 (full 0):
 garbage-first heap   total 444416K, used 408989K [0x0000000080000000, 0x0000000100000000)
  region size 1024K, 255 young (261120K), 25 survivors (25600K)
 Metaspace       used 159547K, committed 162048K, reserved 1245184K
  class space    used 22171K, committed 23360K, reserved 1048576K
}
Event: 1257.650 GC heap after
{Heap after GC invocations=78 (full 0):
 garbage-first heap   total 444416K, used 174350K [0x0000000080000000, 0x0000000100000000)
  region size 1024K, 16 young (16384K), 16 survivors (16384K)
 Metaspace       used 159547K, committed 162048K, reserved 1245184K
  class space    used 22171K, committed 23360K, reserved 1048576K
}

Dll operation events (3 events):
Event: 0.034 Loaded shared library C:\Program Files\Android\Android Studio\jbr\bin\java.dll
Event: 0.093 Loaded shared library C:\Program Files\Android\Android Studio\jbr\bin\zip.dll
Event: 2.629 Loaded shared library C:\Program Files\Android\Android Studio\jbr\bin\verify.dll

Deoptimization events (20 events):
Event: 1016.416 Thread 0x000001b3fc402f60 DEOPT PACKING pc=0x000001b3df8f958c sp=0x000000618cbfbde0
Event: 1016.416 Thread 0x000001b3fc402f60 DEOPT UNPACKING pc=0x000001b3e47f4b42 sp=0x000000618cbfb510 mode 0
Event: 1016.569 Thread 0x000001b3fc402f60 DEOPT PACKING pc=0x000001b3df8f958c sp=0x000000618cbfbde0
Event: 1016.569 Thread 0x000001b3fc402f60 DEOPT UNPACKING pc=0x000001b3e47f4b42 sp=0x000000618cbfb510 mode 0
Event: 1016.874 Thread 0x000001b3fbea6d80 Uncommon trap: trap_request=0xffffffc6 fr.pc=0x000001b3e573deac relative=0x000000000000086c
Event: 1016.874 Thread 0x000001b3fbea6d80 Uncommon trap: reason=bimorphic_or_optimized_type_check action=maybe_recompile pc=0x000001b3e573deac method=java.lang.ThreadLocal.setInitialValue(Ljava/lang/Thread;)Ljava/lang/Object; @ 27 c2
Event: 1016.874 Thread 0x000001b3fbea6d80 DEOPT PACKING pc=0x000001b3e573deac sp=0x000000618dcfeb00
Event: 1016.874 Thread 0x000001b3fbea6d80 DEOPT UNPACKING pc=0x000001b3e47f43a2 sp=0x000000618dcfead0 mode 2
Event: 1260.174 Thread 0x000001b3fbf43ad0 Uncommon trap: trap_request=0xfffffff4 fr.pc=0x000001b3e5d09be4 relative=0x0000000000000a24
Event: 1260.174 Thread 0x000001b3fbf43ad0 Uncommon trap: reason=null_check action=make_not_entrant pc=0x000001b3e5d09be4 method=org.gradle.api.internal.provider.DefaultPropertyFactory.property(Ljava/lang/Class;)Lorg/gradle/api/internal/provider/DefaultProperty; @ 36 c2
Event: 1260.174 Thread 0x000001b3fbf43ad0 DEOPT PACKING pc=0x000001b3e5d09be4 sp=0x0000006182ff76b0
Event: 1260.177 Thread 0x000001b3fbf43ad0 DEOPT UNPACKING pc=0x000001b3e47f43a2 sp=0x0000006182ff7678 mode 2
Event: 1260.673 Thread 0x000001b3fbf43ad0 DEOPT PACKING pc=0x000001b3ddaf8cf0 sp=0x0000006182ff8b60
Event: 1260.673 Thread 0x000001b3fbf43ad0 DEOPT UNPACKING pc=0x000001b3e47f4b42 sp=0x0000006182ff8020 mode 0
Event: 1260.677 Thread 0x000001b3fbf43ad0 DEOPT PACKING pc=0x000001b3df1d0ab1 sp=0x0000006182ff8c30
Event: 1260.678 Thread 0x000001b3fbf43ad0 DEOPT UNPACKING pc=0x000001b3e47f4b42 sp=0x0000006182ff80f0 mode 0
Event: 1260.678 Thread 0x000001b3fbf43ad0 DEOPT PACKING pc=0x000001b3ddaf8cf0 sp=0x0000006182ff8ad0
Event: 1260.678 Thread 0x000001b3fbf43ad0 DEOPT UNPACKING pc=0x000001b3e47f4b42 sp=0x0000006182ff7f90 mode 0
Event: 1260.678 Thread 0x000001b3fbf43ad0 DEOPT PACKING pc=0x000001b3df1d0ab1 sp=0x0000006182ff8bb0
Event: 1260.678 Thread 0x000001b3fbf43ad0 DEOPT UNPACKING pc=0x000001b3e47f4b42 sp=0x0000006182ff8080 mode 0

Classes loaded (20 events):
Event: 69.572 Loading class java/util/concurrent/CompletableFuture$AsyncRun
Event: 69.573 Loading class java/util/concurrent/CompletableFuture$AsyncRun done
Event: 79.288 Loading class java/lang/StackStreamFactory
Event: 79.288 Loading class java/lang/StackStreamFactory done
Event: 79.288 Loading class java/lang/StackWalker$ExtendedOption
Event: 79.289 Loading class java/lang/StackWalker$ExtendedOption done
Event: 79.289 Loading class java/lang/StackStreamFactory$StackFrameTraverser
Event: 79.289 Loading class java/lang/StackStreamFactory$StackFrameTraverser done
Event: 79.289 Loading class java/lang/StackStreamFactory$WalkerState
Event: 79.289 Loading class java/lang/StackStreamFactory$WalkerState done
Event: 79.290 Loading class java/lang/StackStreamFactory$StackFrameTraverser$StackFrameBuffer
Event: 79.290 Loading class java/lang/StackStreamFactory$FrameBuffer
Event: 79.290 Loading class java/lang/StackStreamFactory$FrameBuffer done
Event: 79.290 Loading class java/lang/StackStreamFactory$StackFrameTraverser$StackFrameBuffer done
Event: 79.291 Loading class java/util/logging/LogRecord
Event: 79.292 Loading class java/util/logging/LogRecord done
Event: 127.136 Loading class jdk/internal/math/FormattedFPDecimal
Event: 127.137 Loading class jdk/internal/math/FormattedFPDecimal done
Event: 588.294 Loading class java/rmi/server/Unreferenced
Event: 588.329 Loading class java/rmi/server/Unreferenced done

Classes unloaded (20 events):
Event: 852.043 Thread 0x000001b3f24733e0 Unloading class 0x000000010143d000 'java/lang/invoke/LambdaForm$MH+0x000000010143d000'
Event: 852.043 Thread 0x000001b3f24733e0 Unloading class 0x000000010143c800 'java/lang/invoke/LambdaForm$MH+0x000000010143c800'
Event: 852.043 Thread 0x000001b3f24733e0 Unloading class 0x000000010143c000 'java/lang/invoke/LambdaForm$MH+0x000000010143c000'
Event: 852.044 Thread 0x000001b3f24733e0 Unloading class 0x0000000101425400 'java/lang/invoke/LambdaForm$MH+0x0000000101425400'
Event: 852.044 Thread 0x000001b3f24733e0 Unloading class 0x0000000101424c00 'java/lang/invoke/LambdaForm$DMH+0x0000000101424c00'
Event: 852.045 Thread 0x000001b3f24733e0 Unloading class 0x00000001013f4c00 'java/lang/invoke/LambdaForm$DMH+0x00000001013f4c00'
Event: 852.045 Thread 0x000001b3f24733e0 Unloading class 0x00000001013f4800 'java/lang/invoke/LambdaForm$DMH+0x00000001013f4800'
Event: 852.045 Thread 0x000001b3f24733e0 Unloading class 0x00000001013f4000 'java/lang/invoke/LambdaForm$DMH+0x00000001013f4000'
Event: 852.045 Thread 0x000001b3f24733e0 Unloading class 0x00000001013f5000 'java/lang/invoke/LambdaForm$DMH+0x00000001013f5000'
Event: 852.046 Thread 0x000001b3f24733e0 Unloading class 0x00000001012c4800 'java/lang/invoke/LambdaForm$DMH+0x00000001012c4800'
Event: 852.046 Thread 0x000001b3f24733e0 Unloading class 0x00000001012c4c00 'java/lang/invoke/LambdaForm$DMH+0x00000001012c4c00'
Event: 852.046 Thread 0x000001b3f24733e0 Unloading class 0x00000001012c4400 'java/lang/invoke/LambdaForm$DMH+0x00000001012c4400'
Event: 852.047 Thread 0x000001b3f24733e0 Unloading class 0x0000000101230c00 'jdk/internal/reflect/GeneratedSerializationConstructorAccessor183'
Event: 852.047 Thread 0x000001b3f24733e0 Unloading class 0x0000000101231000 'jdk/internal/reflect/GeneratedSerializationConstructorAccessor182'
Event: 852.047 Thread 0x000001b3f24733e0 Unloading class 0x0000000101230400 'jdk/internal/reflect/GeneratedSerializationConstructorAccessor181'
Event: 852.047 Thread 0x000001b3f24733e0 Unloading class 0x0000000101230800 'jdk/internal/reflect/GeneratedSerializationConstructorAccessor179'
Event: 852.047 Thread 0x000001b3f24733e0 Unloading class 0x0000000101230000 'jdk/internal/reflect/GeneratedSerializationConstructorAccessor180'
Event: 852.047 Thread 0x000001b3f24733e0 Unloading class 0x000000010122d800 'jdk/internal/reflect/GeneratedSerializationConstructorAccessor176'
Event: 852.047 Thread 0x000001b3f24733e0 Unloading class 0x000000010122d400 'jdk/internal/reflect/GeneratedSerializationConstructorAccessor177'
Event: 852.048 Thread 0x000001b3f24733e0 Unloading class 0x0000000100f20000 'java/lang/invoke/LambdaForm$MH+0x0000000100f20000'

Classes redefined (0 events):
No events

Internal exceptions (20 events):
Event: 1260.661 Thread 0x000001b3fbf43ad0 Exception <a 'sun/nio/fs/WindowsException'{0x0000000096eff498}> (0x0000000096eff498) 
thrown [s\src\hotspot\share\prims\jni.cpp, line 537]
Event: 1260.661 Thread 0x000001b3fbf43ad0 Exception <a 'sun/nio/fs/WindowsException'{0x0000000096d00e98}> (0x0000000096d00e98) 
thrown [s\src\hotspot\share\prims\jni.cpp, line 537]
Event: 1260.663 Thread 0x000001b3fbf43ad0 Exception <a 'sun/nio/fs/WindowsException'{0x0000000096d09158}> (0x0000000096d09158) 
thrown [s\src\hotspot\share\prims\jni.cpp, line 537]
Event: 1260.663 Thread 0x000001b3fbf43ad0 Exception <a 'sun/nio/fs/WindowsException'{0x0000000096d0a8b8}> (0x0000000096d0a8b8) 
thrown [s\src\hotspot\share\prims\jni.cpp, line 537]
Event: 1260.664 Thread 0x000001b3fbf43ad0 Exception <a 'sun/nio/fs/WindowsException'{0x0000000096d0c910}> (0x0000000096d0c910) 
thrown [s\src\hotspot\share\prims\jni.cpp, line 537]
Event: 1260.664 Thread 0x000001b3fbf43ad0 Exception <a 'sun/nio/fs/WindowsException'{0x0000000096d0e0d0}> (0x0000000096d0e0d0) 
thrown [s\src\hotspot\share\prims\jni.cpp, line 537]
Event: 1260.707 Thread 0x000001b3fbf43ad0 Exception <a 'sun/nio/fs/WindowsException'{0x0000000096de1410}> (0x0000000096de1410) 
thrown [s\src\hotspot\share\prims\jni.cpp, line 537]
Event: 1260.785 Thread 0x000001b3fbf43ad0 Exception <a 'sun/nio/fs/WindowsException'{0x0000000096aab1b8}> (0x0000000096aab1b8) 
thrown [s\src\hotspot\share\prims\jni.cpp, line 537]
Event: 1260.798 Thread 0x000001b3fbf43ad0 Exception <a 'sun/nio/fs/WindowsException'{0x000000009692e248}> (0x000000009692e248) 
thrown [s\src\hotspot\share\prims\jni.cpp, line 537]
Event: 1260.863 Thread 0x000001b3ff0b0340 Exception <a 'sun/nio/fs/WindowsException'{0x000000009635f8e8}> (0x000000009635f8e8) 
thrown [s\src\hotspot\share\prims\jni.cpp, line 537]
Event: 1260.873 Thread 0x000001b3ff0b0340 Exception <a 'sun/nio/fs/WindowsException'{0x00000000963808b8}> (0x00000000963808b8) 
thrown [s\src\hotspot\share\prims\jni.cpp, line 537]
Event: 1260.874 Thread 0x000001b3ff0b0340 Exception <a 'sun/nio/fs/WindowsException'{0x00000000963cb608}> (0x00000000963cb608) 
thrown [s\src\hotspot\share\prims\jni.cpp, line 537]
Event: 1260.900 Thread 0x000001b3ff0b0340 Exception <a 'sun/nio/fs/WindowsException'{0x0000000096294b68}> (0x0000000096294b68) 
thrown [s\src\hotspot\share\prims\jni.cpp, line 537]
Event: 1260.907 Thread 0x000001b3ff0b0340 Exception <a 'sun/nio/fs/WindowsException'{0x00000000962980f8}> (0x00000000962980f8) 
thrown [s\src\hotspot\share\prims\jni.cpp, line 537]
Event: 1260.911 Thread 0x000001b3ff0b0340 Exception <a 'sun/nio/fs/WindowsException'{0x00000000962b19d8}> (0x00000000962b19d8) 
thrown [s\src\hotspot\share\prims\jni.cpp, line 537]
Event: 1260.915 Thread 0x000001b3ff0b0340 Exception <a 'sun/nio/fs/WindowsException'{0x00000000962cd9a0}> (0x00000000962cd9a0) 
thrown [s\src\hotspot\share\prims\jni.cpp, line 537]
Event: 1260.919 Thread 0x000001b3ff0b0340 Exception <a 'sun/nio/fs/WindowsException'{0x00000000962dc058}> (0x00000000962dc058) 
thrown [s\src\hotspot\share\prims\jni.cpp, line 537]
Event: 1260.924 Thread 0x000001b3ff0b0340 Exception <a 'sun/nio/fs/WindowsException'{0x00000000962f5b18}> (0x00000000962f5b18) 
thrown [s\src\hotspot\share\prims\jni.cpp, line 537]
Event: 1260.927 Thread 0x000001b3ff0b0340 Exception <a 'sun/nio/fs/WindowsException'{0x0000000096103ca8}> (0x0000000096103ca8) 
thrown [s\src\hotspot\share\prims\jni.cpp, line 537]
Event: 1262.207 Thread 0x000001b3ff0b0340 Exception <a 'sun/nio/fs/WindowsException'{0x0000000096183fb0}> (0x0000000096183fb0) 
thrown [s\src\hotspot\share\prims\jni.cpp, line 537]

ZGC Phase Switch (0 events):
No events

VM Operations (20 events):
Event: 1022.349 Executing VM operation: HandshakeAllThreads (HandshakeForDeflation)
Event: 1022.349 Executing VM operation: HandshakeAllThreads (HandshakeForDeflation) done
Event: 1022.349 Executing VM operation: RendezvousGCThreads
Event: 1022.349 Executing VM operation: RendezvousGCThreads done
Event: 1042.360 Executing VM operation: Cleanup
Event: 1042.360 Executing VM operation: Cleanup done
Event: 1178.519 Executing VM operation: Cleanup
Event: 1178.519 Executing VM operation: Cleanup done
Event: 1252.579 Executing VM operation: Cleanup
Event: 1252.579 Executing VM operation: Cleanup done
Event: 1257.543 Executing VM operation: G1CollectForAllocation (G1 Evacuation Pause)
Event: 1257.650 Executing VM operation: G1CollectForAllocation (G1 Evacuation Pause) done
Event: 1258.674 Executing VM operation: G1PauseRemark
Event: 1259.524 Executing VM operation: G1PauseRemark done
Event: 1259.637 Executing VM operation: G1PauseCleanup
Event: 1259.646 Executing VM operation: G1PauseCleanup done
Event: 1261.647 Executing VM operation: Cleanup
Event: 1261.927 Executing VM operation: Cleanup done
Event: 1262.927 Executing VM operation: Cleanup
Event: 1262.930 Executing VM operation: Cleanup done

Memory protections (0 events):
No events

Nmethod flushes (20 events):
Event: 1259.513 Thread 0x000001b3f24733e0 flushing  nmethod 0x000001b3def32510
Event: 1259.513 Thread 0x000001b3f24733e0 flushing  nmethod 0x000001b3def32910
Event: 1259.513 Thread 0x000001b3f24733e0 flushing  nmethod 0x000001b3def38090
Event: 1259.513 Thread 0x000001b3f24733e0 flushing  nmethod 0x000001b3def44990
Event: 1259.513 Thread 0x000001b3f24733e0 flushing  nmethod 0x000001b3def44e10
Event: 1259.513 Thread 0x000001b3f24733e0 flushing  nmethod 0x000001b3def45290
Event: 1259.513 Thread 0x000001b3f24733e0 flushing  nmethod 0x000001b3df144110
Event: 1259.513 Thread 0x000001b3f24733e0 flushing  nmethod 0x000001b3df145590
Event: 1259.513 Thread 0x000001b3f24733e0 flushing  nmethod 0x000001b3df14a090
Event: 1259.513 Thread 0x000001b3f24733e0 flushing  nmethod 0x000001b3df14ad90
Event: 1259.513 Thread 0x000001b3f24733e0 flushing  nmethod 0x000001b3df14b490
Event: 1259.513 Thread 0x000001b3f24733e0 flushing  nmethod 0x000001b3df14b810
Event: 1259.514 Thread 0x000001b3f24733e0 flushing  nmethod 0x000001b3df14bb90
Event: 1259.514 Thread 0x000001b3f24733e0 flushing  nmethod 0x000001b3df14c010
Event: 1259.514 Thread 0x000001b3f24733e0 flushing  nmethod 0x000001b3df14c510
Event: 1259.514 Thread 0x000001b3f24733e0 flushing  nmethod 0x000001b3df14c990
Event: 1259.514 Thread 0x000001b3f24733e0 flushing  nmethod 0x000001b3df14ee90
Event: 1259.514 Thread 0x000001b3f24733e0 flushing  nmethod 0x000001b3df157190
Event: 1259.515 Thread 0x000001b3f24733e0 flushing  nmethod 0x000001b3df158910
Event: 1259.515 Thread 0x000001b3f24733e0 flushing  nmethod 0x000001b3df159410

Events (20 events):
Event: 1260.800 Thread 0x000001b3fbf43ad0 Thread added: 0x000001b3843cbd80
Event: 1260.800 Thread 0x000001b3fbf43ad0 Thread added: 0x000001b3843cb6f0
Event: 1260.839 Thread 0x000001b3fbf43ad0 Thread added: 0x000001b3843cd7c0
Event: 1260.840 Thread 0x000001b3843cd7c0 Thread added: 0x000001b3ff0b1d80
Event: 1260.841 Thread 0x000001b3843cd7c0 Thread added: 0x000001b3ff0b0340
Event: 1260.841 Thread 0x000001b3843cd7c0 Thread added: 0x000001b3ff0b09d0
Event: 1260.841 Thread 0x000001b3843cd7c0 Thread added: 0x000001b3ff0b16f0
Event: 1260.842 Thread 0x000001b3843cd7c0 Thread added: 0x000001b3ff0b1060
Event: 1260.842 Thread 0x000001b3843cd7c0 Thread added: 0x000001b3ff0af620
Event: 1260.844 Thread 0x000001b3843cd7c0 Thread added: 0x000001b3ff0afcb0
Event: 1260.844 Thread 0x000001b3843cd7c0 Thread added: 0x000001b3ff0b2410
Event: 1260.844 Thread 0x000001b3843cd7c0 Thread added: 0x000001b3ff0aef90
Event: 1260.844 Thread 0x000001b3843cd7c0 Thread added: 0x000001b3843ca9d0
Event: 1260.844 Thread 0x000001b3843cd7c0 Thread added: 0x000001b3843cc410
Event: 1260.845 Thread 0x000001b3843cd7c0 Thread added: 0x000001b3843cd130
Event: 1260.845 Thread 0x000001b3843cd7c0 Thread added: 0x000001b3843cde50
Event: 1260.845 Thread 0x000001b3843cd7c0 Thread added: 0x000001b3843cb060
Event: 1260.846 Thread 0x000001b3843cd7c0 Thread added: 0x000001b3843ccaa0
Event: 1260.847 Thread 0x000001b3ff0b0340 Thread added: 0x000001b3844fb500
Event: 1262.204 Thread 0x000001b385411250 Thread exited: 0x000001b385411250


Dynamic libraries:
0x00007ff6270c0000 - 0x00007ff6270ca000 	C:\Program Files\Android\Android Studio\jbr\bin\java.exe
0x00007fffeeee0000 - 0x00007fffef147000 	C:\WINDOWS\SYSTEM32\ntdll.dll
0x00007fffeda60000 - 0x00007fffedb29000 	C:\WINDOWS\System32\KERNEL32.DLL
0x00007fffebf40000 - 0x00007fffec334000 	C:\WINDOWS\System32\KERNELBASE.dll
0x00007fffeba70000 - 0x00007fffebbbb000 	C:\WINDOWS\System32\ucrtbase.dll
0x00007fffe9520000 - 0x00007fffe953b000 	C:\Program Files\Android\Android Studio\jbr\bin\VCRUNTIME140.dll
0x00007fffce600000 - 0x00007fffce618000 	C:\Program Files\Android\Android Studio\jbr\bin\jli.dll
0x00007fffeea70000 - 0x00007fffeec35000 	C:\WINDOWS\System32\USER32.dll
0x00007fffda2b0000 - 0x00007fffda543000 	C:\WINDOWS\WinSxS\amd64_microsoft.windows.common-controls_6595b64144ccf1df_6.0.26100.8115_none_3e075c82e3354f9c\COMCTL32.dll
0x00007fffeb8e0000 - 0x00007fffeb907000 	C:\WINDOWS\System32\win32u.dll
0x00007fffed800000 - 0x00007fffed8a9000 	C:\WINDOWS\System32\msvcrt.dll
0x00007fffee780000 - 0x00007fffee7ab000 	C:\WINDOWS\System32\GDI32.dll
0x00007fffeb7b0000 - 0x00007fffeb8db000 	C:\WINDOWS\System32\gdi32full.dll
0x00007fffeb9c0000 - 0x00007fffeba63000 	C:\WINDOWS\System32\msvcp_win.dll
0x00007fffed320000 - 0x00007fffed352000 	C:\WINDOWS\System32\IMM32.DLL
0x00007fffe9990000 - 0x00007fffe999c000 	C:\Program Files\Android\Android Studio\jbr\bin\vcruntime140_1.dll
0x00007fff866d0000 - 0x00007fff8675d000 	C:\Program Files\Android\Android Studio\jbr\bin\msvcp140.dll
0x00007fff223d0000 - 0x00007fff23066000 	C:\Program Files\Android\Android Studio\jbr\bin\server\jvm.dll
0x00007fffede60000 - 0x00007fffedf16000 	C:\WINDOWS\System32\ADVAPI32.dll
0x00007fffedd50000 - 0x00007fffeddf7000 	C:\WINDOWS\System32\sechost.dll
0x00007fffedb30000 - 0x00007fffedc48000 	C:\WINDOWS\System32\RPCRT4.dll
0x00007fffed150000 - 0x00007fffed1d0000 	C:\WINDOWS\System32\WS2_32.dll
0x00007fffeb610000 - 0x00007fffeb66e000 	C:\WINDOWS\SYSTEM32\POWRPROF.dll
0x00007fffe4dc0000 - 0x00007fffe4dcb000 	C:\WINDOWS\SYSTEM32\VERSION.dll
0x00007fffe4d80000 - 0x00007fffe4db6000 	C:\WINDOWS\SYSTEM32\WINMM.dll
0x00007fffeb5f0000 - 0x00007fffeb604000 	C:\WINDOWS\SYSTEM32\UMPDC.dll
0x00007fffea540000 - 0x00007fffea55b000 	C:\WINDOWS\SYSTEM32\kernel.appcore.dll
0x00007fffe9510000 - 0x00007fffe951a000 	C:\Program Files\Android\Android Studio\jbr\bin\jimage.dll
0x00007fffe9580000 - 0x00007fffe97c2000 	C:\WINDOWS\SYSTEM32\DBGHELP.DLL
0x00007fffecda0000 - 0x00007fffed122000 	C:\WINDOWS\System32\combase.dll
0x00007fffee7b0000 - 0x00007fffee888000 	C:\WINDOWS\System32\OLEAUT32.dll
0x00007fffe9540000 - 0x00007fffe957b000 	C:\WINDOWS\SYSTEM32\dbgcore.DLL
0x00007fffeb910000 - 0x00007fffeb9b5000 	C:\WINDOWS\System32\bcryptPrimitives.dll
0x00007fffdb5d0000 - 0x00007fffdb5de000 	C:\Program Files\Android\Android Studio\jbr\bin\instrument.dll
0x00007fffdbd40000 - 0x00007fffdbd60000 	C:\Program Files\Android\Android Studio\jbr\bin\java.dll
0x00007fffdb840000 - 0x00007fffdb858000 	C:\Program Files\Android\Android Studio\jbr\bin\zip.dll
0x00007fffee000000 - 0x00007fffee767000 	C:\WINDOWS\System32\SHELL32.dll
0x00007fffebbc0000 - 0x00007fffebd2a000 	C:\WINDOWS\System32\wintypes.dll
0x00007fffec400000 - 0x00007fffecc68000 	C:\WINDOWS\System32\windows.storage.dll
0x00007fffedc50000 - 0x00007fffedd48000 	C:\WINDOWS\System32\SHCORE.dll
0x00007fffecca0000 - 0x00007fffecd06000 	C:\WINDOWS\System32\shlwapi.dll
0x00007fffeb6d0000 - 0x00007fffeb6f9000 	C:\WINDOWS\SYSTEM32\profapi.dll
0x00007fffe94b0000 - 0x00007fffe94c0000 	C:\Program Files\Android\Android Studio\jbr\bin\net.dll
0x00007fffe5450000 - 0x00007fffe557d000 	C:\WINDOWS\SYSTEM32\WINHTTP.dll
0x00007fffeaab0000 - 0x00007fffeab1c000 	C:\WINDOWS\system32\mswsock.dll
0x00007fffd7d90000 - 0x00007fffd7da6000 	C:\Program Files\Android\Android Studio\jbr\bin\nio.dll
0x00007fffdb550000 - 0x00007fffdb560000 	C:\Program Files\Android\Android Studio\jbr\bin\verify.dll
0x00007fffc8290000 - 0x00007fffc82b7000 	C:\Users\Rafie Zaidan U\.gradle\native\660c5614fbf4a5f2a75b1949f50a0caf5cd603558e7d8a26e50b933a0cfb79d1\windows-amd64\native-platform.dll
0x00007fff84f90000 - 0x00007fff85007000 	C:\Users\Rafie Zaidan U\.gradle\native\0.2.8\x86_64-windows-gnu\gradle-fileevents.dll
0x00007fffde3c0000 - 0x00007fffde3c9000 	C:\Program Files\Android\Android Studio\jbr\bin\management.dll
0x00007fffdda20000 - 0x00007fffdda2b000 	C:\Program Files\Android\Android Studio\jbr\bin\management_ext.dll
0x00007fffee770000 - 0x00007fffee778000 	C:\WINDOWS\System32\PSAPI.DLL
0x00007fffe9ef0000 - 0x00007fffe9f22000 	C:\WINDOWS\SYSTEM32\IPHLPAPI.DLL
0x00007fffeda50000 - 0x00007fffeda5a000 	C:\WINDOWS\System32\NSI.dll
0x00007fffe2570000 - 0x00007fffe2579000 	C:\Program Files\Android\Android Studio\jbr\bin\extnet.dll
0x00007fffead90000 - 0x00007fffeadab000 	C:\WINDOWS\SYSTEM32\CRYPTSP.dll
0x00007fffea480000 - 0x00007fffea4b9000 	C:\WINDOWS\system32\rsaenh.dll
0x00007fffeab60000 - 0x00007fffeab93000 	C:\WINDOWS\SYSTEM32\USERENV.dll
0x00007fffeb6a0000 - 0x00007fffeb6ca000 	C:\WINDOWS\SYSTEM32\bcrypt.dll
0x00007fffeadb0000 - 0x00007fffeadbc000 	C:\WINDOWS\SYSTEM32\CRYPTBASE.dll
0x00007fff9ada0000 - 0x00007fff9ada8000 	C:\WINDOWS\system32\wshunix.dll
0x00007fffdac90000 - 0x00007fffdac97000 	C:\Program Files\Android\Android Studio\jbr\bin\rmi.dll

JVMTI agents:
C:\Users\Rafie Zaidan U\.gradle\wrapper\dists\gradle-9.3.1-bin\23ovyewtku6u96viwx3xl3oks\gradle-9.3.1\lib\agents\gradle-instrumentation-agent-9.3.1.jar path:C:\Program Files\Android\Android Studio\jbr\bin\instrument.dll, loaded, initialized, instrumentlib options:none

dbghelp: loaded successfully - version: 4.0.5 - missing functions: none
symbol engine: initialized successfully - sym options: 0x614 - pdb path: .;C:\Program Files\Android\Android Studio\jbr\bin;C:\WINDOWS\SYSTEM32;C:\WINDOWS\WinSxS\amd64_microsoft.windows.common-controls_6595b64144ccf1df_6.0.26100.8115_none_3e075c82e3354f9c;C:\Program Files\Android\Android Studio\jbr\bin\server;C:\Users\Rafie Zaidan U\.gradle\native\660c5614fbf4a5f2a75b1949f50a0caf5cd603558e7d8a26e50b933a0cfb79d1\windows-amd64;C:\Users\Rafie Zaidan U\.gradle\native\0.2.8\x86_64-windows-gnu

VM Arguments:
jvm_args: --add-opens=java.base/java.lang=ALL-UNNAMED --add-opens=java.base/java.lang.invoke=ALL-UNNAMED --add-opens=java.base/java.util=ALL-UNNAMED --add-opens=java.prefs/java.util.prefs=ALL-UNNAMED --add-exports=jdk.compiler/com.sun.tools.javac.api=ALL-UNNAMED --add-exports=jdk.compiler/com.sun.tools.javac.util=ALL-UNNAMED --add-opens=java.base/java.util=ALL-UNNAMED --add-opens=java.prefs/java.util.prefs=ALL-UNNAMED --add-opens=java.base/java.nio.charset=ALL-UNNAMED --add-opens=java.base/java.net=ALL-UNNAMED --add-opens=java.base/java.util.concurrent=ALL-UNNAMED --add-opens=java.base/java.util.concurrent.atomic=ALL-UNNAMED --add-opens=java.xml/javax.xml.namespace=ALL-UNNAMED --add-opens=java.base/java.time=ALL-UNNAMED -Xmx2048m -Dfile.encoding=UTF-8 -Duser.country=US -Duser.language=en -Duser.variant -javaagent:C:\Users\Rafie Zaidan U\.gradle\wrapper\dists\gradle-9.3.1-bin\23ovyewtku6u96viwx3xl3oks\gradle-9.3.1\lib\agents\gradle-instrumentation-agent-9.3.1.jar 
java_command: org.gradle.launcher.daemon.bootstrap.GradleDaemon 9.3.1
java_class_path (initial): C:\Users\Rafie Zaidan U\.gradle\wrapper\dists\gradle-9.3.1-bin\23ovyewtku6u96viwx3xl3oks\gradle-9.3.1\lib\gradle-daemon-main-9.3.1.jar
Launcher Type: SUN_STANDARD

[Global flags]
     intx CICompilerCount                          = 12                                        {product} {ergonomic}
     uint ConcGCThreads                            = 3                                         {product} {ergonomic}
     uint G1ConcRefinementThreads                  = 13                                        {product} {ergonomic}
   size_t G1HeapRegionSize                         = 1048576                                   {product} {ergonomic}
    uintx GCDrainStackTargetSize                   = 64                                        {product} {ergonomic}
   size_t InitialHeapSize                          = 260046848                                 {product} {ergonomic}
   size_t MarkStackSize                            = 4194304                                   {product} {ergonomic}
   size_t MaxHeapSize                              = 2147483648                                {product} {command line}
   size_t MaxNewSize                               = 1287651328                                {product} {ergonomic}
   size_t MinHeapDeltaBytes                        = 1048576                                   {product} {ergonomic}
   size_t MinHeapSize                              = 8388608                                   {product} {ergonomic}
    uintx NonNMethodCodeHeapSize                   = 7602480                                {pd product} {ergonomic}
    uintx NonProfiledCodeHeapSize                  = 122027880                              {pd product} {ergonomic}
    uintx ProfiledCodeHeapSize                     = 122027880                              {pd product} {ergonomic}
    uintx ReservedCodeCacheSize                    = 251658240                              {pd product} {ergonomic}
     bool SegmentedCodeCache                       = true                                      {product} {ergonomic}
   size_t SoftMaxHeapSize                          = 2147483648                             {manageable} {ergonomic}
     bool UseCompressedOops                        = true                           {product lp64_product} {ergonomic}
     bool UseG1GC                                  = true                                      {product} {ergonomic}
     bool UseLargePagesIndividualAllocation        = false                                  {pd product} {ergonomic}

Logging:
Log output configuration:
 #0: stdout all=warning uptime,level,tags foldmultilines=false
 #1: stderr all=off uptime,level,tags foldmultilines=false

Release file:
JAVA_VERSION="21.0.9" 
MODULES="java.base java.compiler java.datatransfer java.xml java.prefs java.desktop java.instrument java.logging java.management java.security.sasl java.naming java.rmi java.management.rmi java.net.http java.scripting java.security.jgss java.transaction.xa java.sql java.sql.rowset java.xml.crypto java.se java.smartcardio jdk.accessibility jdk.internal.jvmstat jdk.attach jdk.charsets jdk.internal.opt jdk.zipfs jdk.compiler jdk.crypto.ec jdk.crypto.cryptoki jdk.dynalink jdk.hotspot.agent jdk.httpserver jdk.internal.ed jdk.internal.le jdk.internal.vm.ci jdk.jartool jdk.javadoc jdk.jcmd jdk.jdeps jdk.jdwp.agent jdk.jdi jdk.jfr jdk.jlink jdk.jsobject jdk.localedata jdk.management jdk.management.agent jdk.management.jfr jdk.naming.dns jdk.naming.rmi jdk.net jdk.sctp jdk.security.auth jdk.security.jgss jdk.unsupported jdk.unsupported.desktop jdk.xml.dom" 
IMPLEMENTOR="JetBrains s.r.o." 
JAVA_RUNTIME_VERSION="21.0.9+-14787801-b1163.94" 
LIBC="default" 
OS_ARCH="x86_64" 
OS_NAME="Windows" 
SOURCE=".:git:0c757ddc9f2f" 

Environment Variables:
PATH=C:\Program Files\Python312\Scripts\;C:\Program Files\Python312\;C:\WINDOWS\system32;C:\WINDOWS;C:\WINDOWS\System32\Wbem;C:\WINDOWS\System32\WindowsPowerShell\v1.0\;C:\WINDOWS\System32\OpenSSH\;C:\Program Files\nodejs\;C:\Users\Rafie Zaidan U\.local\bin;C:\Users\Rafie Zaidan U\AppData\Local\Microsoft\WindowsApps;C:\Users\Rafie Zaidan U\AppData\Local\Programs\Microsoft VS Code\bin;C:\Users\Rafie Zaidan U\AppData\Local\PowerToys\DSCModules\;C:\Users\Rafie Zaidan U\AppData\Roaming\npm
USERNAME=Rafie Zaidan U
OS=Windows_NT
PROCESSOR_IDENTIFIER=AMD64 Family 25 Model 80 Stepping 0, AuthenticAMD
TMP=C:\Users\RAFIEZ~1\AppData\Local\Temp
TEMP=C:\Users\RAFIEZ~1\AppData\Local\Temp




Periodic native trim disabled

JNI global refs:
JNI global refs: 36, weak refs: 0

JNI global refs memory usage: 835, weak refs: 833

Process memory usage:
Resident Set Size: 587120K (3% of 16154448K total physical memory with 864840K free physical memory)

OOME stack traces (most recent first):
Classloader memory used:
Loader org.gradle.internal.classloader.VisitableURLClassLoader$InstrumentingVisitableURLClassLoader: 63513K
Loader org.gradle.internal.classloader.VisitableURLClassLoader                         : 49021K
Loader bootstrap                                                                       : 31993K
Loader org.gradle.initialization.MixInLegacyTypesClassLoader                           : 13764K
Loader jdk.internal.reflect.DelegatingClassLoader                                      : 675K
Loader jdk.internal.loader.ClassLoaders$AppClassLoader                                 : 231K
Loader org.gradle.internal.classloader.VisitableURLClassLoader                         : 207K
Loader jdk.internal.loader.ClassLoaders$PlatformClassLoader                            : 150K
Loader org.gradle.groovy.scripts.internal.DefaultScriptCompilationHandler$ScriptClassLoader: 127K
Loader sun.reflect.misc.MethodUtil                                                     : 2984B

Classes loaded by more than one classloader:
Class Program                                                                         : loaded 5 times (x 72B)
Class Build_gradle                                                                    : loaded 3 times (x 126B)
Class com.google.common.collect.RegularImmutableMap$KeySet                            : loaded 2 times (x 152B)
Class org.gradle.internal.classloader.FilteringClassLoader                            : loaded 2 times (x 105B)
Class com.google.common.base.CharMatcher$IsEither                                     : loaded 2 times (x 111B)
Class org.gradle.internal.classloader.ClassLoaderHierarchy                            : loaded 2 times (x 70B)
Class com.google.common.collect.ImmutableEnumSet                                      : loaded 2 times (x 146B)
Class com.google.common.util.concurrent.ExecutionError                                : loaded 2 times (x 82B)
Class com.google.common.collect.ImmutableList$1                                       : loaded 2 times (x 97B)
Class org.gradle.api.internal.classpath.ManifestUtil                                  : loaded 2 times (x 71B)
Class com.google.common.collect.RegularImmutableMap                                   : loaded 2 times (x 121B)
Class com.google.common.collect.ImmutableMap$MapViewOfValuesAsSingletonSets           : loaded 2 times (x 126B)
Class ijJvmDebugger1_4skzgwj4ljy30wzjldzgr62op$_run_closure1$_closure2                : loaded 2 times (x 140B)
Class com.google.common.reflect.TypeCapture                                           : loaded 2 times (x 71B)
Class [Lorg.objectweb.asm.Symbol;                                                     : loaded 2 times (x 69B)
Class org.objectweb.asm.ClassVisitor                                                  : loaded 2 times (x 88B)
Class com.google.common.collect.UnmodifiableListIterator                              : loaded 2 times (x 95B)
Class com.google.common.base.Platform$JdkPatternCompiler                              : loaded 2 times (x 75B)
Class org.objectweb.asm.MethodTooLargeException                                       : loaded 2 times (x 83B)
Class [Lcom.google.common.cache.CacheBuilder$OneWeigher;                              : loaded 2 times (x 69B)
Class com.google.common.base.Suppliers                                                : loaded 2 times (x 71B)
Class org.gradle.internal.classloader.DefaultClassLoaderFactory                       : loaded 2 times (x 82B)
Class [Lcom.google.common.collect.AbstractIterator$State;                             : loaded 2 times (x 69B)
Class org.gradle.internal.classloader.ClassLoaderVisitor                              : loaded 2 times (x 76B)
Class [Lcom.google.common.collect.ImmutableMapEntry;                                  : loaded 2 times (x 69B)
Class org.gradle.api.internal.classpath.EffectiveClassPath                            : loaded 2 times (x 90B)
Class com.google.common.collect.ListMultimap                                          : loaded 2 times (x 70B)
Class com.google.common.collect.ImmutableEnumMap                                      : loaded 2 times (x 126B)
Class com.google.common.collect.ImmutableSet$SerializedForm                           : loaded 2 times (x 73B)
Class com.google.common.collect.Sets$1                                                : loaded 2 times (x 139B)
Class org.objectweb.asm.AnnotationVisitor                                             : loaded 2 times (x 78B)
Class org.gradle.api.internal.DefaultClassPathProvider                                : loaded 2 times (x 76B)
Class com.google.common.collect.Maps$ViewCachingAbstractMap                           : loaded 2 times (x 125B)
Class [Lcom.google.common.base.Function;                                              : loaded 2 times (x 69B)
Class com.google.common.collect.Sets$2                                                : loaded 2 times (x 139B)
Class [Lorg.gradle.api.internal.ClassPathProvider;                                    : loaded 2 times (x 69B)
Class org.gradle.api.internal.ClassPathProvider                                       : loaded 2 times (x 70B)
Class com.google.common.reflect.Types$ClassOwnership$1                                : loaded 2 times (x 80B)
Class [Lorg.objectweb.asm.AnnotationVisitor;                                          : loaded 2 times (x 69B)
Class com.google.common.collect.Sets$3                                                : loaded 2 times (x 139B)
Class com.google.common.cache.LocalCache$LocalLoadingCache                            : loaded 2 times (x 134B)
Class ijKotlinCoroutineJvmDebugInit1_6s92zljemijoxz33vwpgjyuqr                        : loaded 2 times (x 171B)
Class org.gradle.internal.service.UnknownServiceException                             : loaded 2 times (x 83B)
Class com.google.common.reflect.Types$ClassOwnership$2                                : loaded 2 times (x 80B)
Class com.google.common.reflect.TypeResolver                                          : loaded 2 times (x 72B)
Class com.google.common.collect.Sets$4                                                : loaded 2 times (x 139B)
Class org.objectweb.asm.ModuleVisitor                                                 : loaded 2 times (x 81B)
Class com.google.common.cache.LocalCache$Strength$1                                   : loaded 2 times (x 81B)
Class com.google.common.reflect.Types$ClassOwnership$3                                : loaded 2 times (x 71B)
Class com.google.common.collect.Collections2$FilteredCollection                       : loaded 2 times (x 119B)
Class com.google.common.util.concurrent.SettableFuture                                : loaded 2 times (x 114B)
Class com.google.common.cache.LocalCache$Strength$2                                   : loaded 2 times (x 81B)
Class com.google.common.collect.TransformedIterator                                   : loaded 2 times (x 80B)
Class [Lcom.google.common.collect.Maps$EntryFunction;                                 : loaded 2 times (x 69B)
Class com.google.common.cache.LocalCache$Strength$3                                   : loaded 2 times (x 81B)
Class com.google.common.collect.MapDifference                                         : loaded 2 times (x 70B)
Class com.google.common.reflect.Invokable                                             : loaded 2 times (x 103B)
Class org.objectweb.asm.FieldWriter                                                   : loaded 2 times (x 78B)
Class com.google.common.cache.CacheBuilder$NullListener                               : loaded 2 times (x 82B)
Class org.gradle.internal.classpath.TransformedClassPath                              : loaded 2 times (x 96B)
Class org.gradle.internal.classloader.InstrumentingClassLoader                        : loaded 2 times (x 70B)
Class com.google.common.reflect.Types$ParameterizedTypeImpl                           : loaded 2 times (x 81B)
Class com.google.common.collect.Maps$IteratorBasedAbstractMap$1                       : loaded 2 times (x 138B)
Class com.google.common.cache.CacheLoader$FunctionToCacheLoader                       : loaded 2 times (x 75B)
Class com.google.common.collect.Iterators$ArrayItr                                    : loaded 2 times (x 97B)
Class com.google.common.collect.ImmutableCollection$Builder                           : loaded 2 times (x 76B)
Class com.google.common.reflect.TypeResolver$TypeVariableKey                          : loaded 2 times (x 72B)
Class com.google.common.base.Joiner                                                   : loaded 2 times (x 79B)
Class com.google.common.base.Equivalence$Identity                                     : loaded 2 times (x 82B)
Class com.google.common.collect.Platform                                              : loaded 2 times (x 71B)
Class [Lorg.objectweb.asm.Type;                                                       : loaded 2 times (x 69B)
Class com.google.common.collect.UnmodifiableIterator                                  : loaded 2 times (x 80B)
Class org.gradle.internal.service.ServiceLocator                                      : loaded 2 times (x 70B)
Class com.google.common.base.Ascii                                                    : loaded 2 times (x 71B)
Class com.google.common.collect.SingletonImmutableBiMap                               : loaded 2 times (x 143B)
Class com.google.common.cache.LocalCache$1                                            : loaded 2 times (x 89B)
Class com.google.common.collect.Iterators$SingletonIterator                           : loaded 2 times (x 81B)
Class com.google.common.collect.AbstractMapEntry                                      : loaded 2 times (x 81B)
Class com.google.common.reflect.TypeToken$SimpleTypeToken                             : loaded 2 times (x 73B)
Class com.google.common.collect.Sets$ImprovedAbstractSet                              : loaded 2 times (x 135B)
Class com.google.common.collect.ImmutableList$Builder                                 : loaded 2 times (x 77B)
Class com.google.common.collect.AbstractMultimap                                      : loaded 2 times (x 123B)
Class com.google.common.cache.LocalCache$2                                            : loaded 2 times (x 142B)
Class com.google.common.collect.RegularImmutableAsList                                : loaded 2 times (x 217B)
Class com.google.common.base.Optional                                                 : loaded 2 times (x 80B)
Class com.google.common.util.concurrent.AbstractFuture$Trusted                        : loaded 2 times (x 70B)
Class com.google.common.collect.Iterators                                             : loaded 2 times (x 71B)
Class com.google.common.collect.Lists$StringAsImmutableList                           : loaded 2 times (x 207B)
Class com.google.common.util.concurrent.UncheckedExecutionException                   : loaded 2 times (x 82B)
Class org.gradle.kotlin.dsl.VersionCatalogAccessorsKt                                 : loaded 2 times (x 71B)
Class com.google.common.collect.AbstractMapBasedMultimap$KeySet$1                     : loaded 2 times (x 82B)
Class org.objectweb.asm.ClassWriter                                                   : loaded 2 times (x 106B)
Class com.google.common.base.CharMatcher$And                                          : loaded 2 times (x 112B)
Class com.google.common.cache.CacheLoader$UnsupportedLoadingOperationException        : loaded 2 times (x 82B)
Class org.gradle.internal.classloader.ClasspathUtil$1                                 : loaded 2 times (x 76B)
Class com.google.common.collect.FluentIterable$1                                      : loaded 2 times (x 81B)
Class com.google.common.base.Objects                                                  : loaded 2 times (x 71B)
Class org.objectweb.asm.FieldVisitor                                                  : loaded 2 times (x 77B)
Class com.google.common.collect.IndexedImmutableSet                                   : loaded 2 times (x 152B)
Class com.google.common.collect.ImmutableMap$1                                        : loaded 2 times (x 81B)
Class com.google.common.collect.BiMap                                                 : loaded 2 times (x 70B)
Class org.gradle.api.internal.classpath.DefaultModuleRegistry$DefaultModule           : loaded 2 times (x 86B)
Class com.google.common.reflect.Reflection                                            : loaded 2 times (x 71B)
Class com.google.common.collect.FluentIterable$2                                      : loaded 2 times (x 81B)
Class com.google.common.base.Absent                                                   : loaded 2 times (x 80B)
Class com.google.common.primitives.Ints                                               : loaded 2 times (x 71B)
Class com.google.common.collect.AbstractIterator                                      : loaded 2 times (x 82B)
Class com.google.common.collect.FluentIterable$3                                      : loaded 2 times (x 81B)
Class com.google.common.collect.ObjectArrays                                          : loaded 2 times (x 71B)
Class com.google.common.math.MathPreconditions                                        : loaded 2 times (x 71B)
Class com.google.common.collect.Multiset                                              : loaded 2 times (x 70B)
Class com.google.common.collect.ArrayListMultimapGwtSerializationDependencies         : loaded 2 times (x 172B)
Class com.google.common.collect.AbstractIndexedListIterator                           : loaded 2 times (x 96B)
Class com.google.common.collect.ImmutableMapEntrySet                                  : loaded 2 times (x 152B)
Class org.gradle.api.internal.classpath.Module                                        : loaded 2 times (x 70B)
Class com.google.common.cache.Weigher                                                 : loaded 2 times (x 70B)
Class org.gradle.api.internal.classpath.UnknownModuleException                        : loaded 2 times (x 82B)
Class com.google.common.base.Stopwatch                                                : loaded 2 times (x 72B)
Class com.google.common.cache.LocalCache$Strength                                     : loaded 2 times (x 81B)
Class com.google.common.cache.Cache                                                   : loaded 2 times (x 70B)
Class com.google.common.base.NullnessCasts                                            : loaded 2 times (x 71B)
Class com.google.common.util.concurrent.AbstractFuture$Cancellation                   : loaded 2 times (x 72B)
Class com.google.common.collect.ImmutableMap$Builder                                  : loaded 2 times (x 82B)
Class com.google.common.collect.Maps$EntryFunction$1                                  : loaded 2 times (x 91B)
Class com.google.common.base.Present                                                  : loaded 2 times (x 81B)
Class com.google.common.cache.RemovalListener                                         : loaded 2 times (x 70B)
Class org.gradle.api.internal.DefaultClassPathRegistry                                : loaded 2 times (x 76B)
Class com.google.common.reflect.Invokable$ConstructorInvokable                        : loaded 2 times (x 107B)
Class com.google.common.collect.Maps$EntryFunction$2                                  : loaded 2 times (x 91B)
Class com.google.common.primitives.IntsMethodsForWeb                                  : loaded 2 times (x 71B)
Class com.google.common.collect.Multimap                                              : loaded 2 times (x 70B)
Class org.gradle.api.internal.ClassPathRegistry                                       : loaded 2 times (x 70B)
Class org.gradle.internal.classpath.DefaultClassPath$ImmutableUniqueList              : loaded 2 times (x 199B)
Class com.google.common.reflect.TypeToken                                             : loaded 2 times (x 73B)
Class com.google.common.base.ExtraObjectsMethodsForWeb                                : loaded 2 times (x 71B)
Class com.google.common.base.MoreObjects                                              : loaded 2 times (x 71B)
Class com.google.common.cache.CacheBuilder                                            : loaded 2 times (x 72B)
Class com.google.common.collect.SingletonImmutableList                                : loaded 2 times (x 207B)
Class Settings_gradle$1                                                               : loaded 2 times (x 74B)
Class org.gradle.internal.classpath.ClassPath                                         : loaded 2 times (x 70B)
Class [Lcom.google.common.reflect.Types$JavaVersion;                                  : loaded 2 times (x 69B)
Class com.google.common.base.JdkPattern                                               : loaded 2 times (x 75B)
Class com.google.common.collect.ImmutableList$ReverseImmutableList                    : loaded 2 times (x 209B)
Class org.objectweb.asm.SymbolTable$Entry                                             : loaded 2 times (x 74B)
Class org.objectweb.asm.Edge                                                          : loaded 2 times (x 72B)
Class com.google.common.base.Suppliers$SupplierOfInstance                             : loaded 2 times (x 79B)
Class com.google.common.collect.Iterators$1                                           : loaded 2 times (x 81B)
Class com.google.common.reflect.TypeToken$1                                           : loaded 2 times (x 110B)
Class com.google.common.cache.LocalCache$ComputingValueReference                      : loaded 2 times (x 96B)
Class com.google.common.collect.SingletonImmutableSet                                 : loaded 2 times (x 146B)
Class com.google.common.collect.ImmutableMap$IteratorBasedImmutableMap                : loaded 2 times (x 126B)
Class com.google.common.reflect.TypeToken$2                                           : loaded 2 times (x 110B)
Class com.google.common.cache.LocalCache$Segment                                      : loaded 2 times (x 154B)
Class com.google.common.collect.AbstractListMultimap                                  : loaded 2 times (x 172B)
Class [Lorg.objectweb.asm.SymbolTable$Entry;                                          : loaded 2 times (x 69B)
Class com.google.common.cache.CacheLoader                                             : loaded 2 times (x 74B)
Class com.google.common.collect.Iterators$4                                           : loaded 2 times (x 82B)
Class com.google.common.collect.ImmutableBiMap                                        : loaded 2 times (x 143B)
Class org.gradle.api.internal.classpath.ModuleRegistry                                : loaded 2 times (x 70B)
Class org.gradle.internal.installation.GradleInstallation$1                           : loaded 2 times (x 75B)
Class com.google.common.collect.ImmutableSet$JdkBackedSetBuilderImpl                  : loaded 2 times (x 76B)
Class com.google.common.util.concurrent.internal.InternalFutureFailureAccess          : loaded 2 times (x 72B)
Class com.google.common.collect.Iterators$5                                           : loaded 2 times (x 82B)
Class com.google.common.collect.Iterators$6                                           : loaded 2 times (x 81B)
Class com.google.common.base.CharMatcher$ForPredicate                                 : loaded 2 times (x 112B)
Class com.google.common.cache.LocalCache$LocalManualCache$1                           : loaded 2 times (x 75B)
Class com.google.common.base.CharMatcher$AnyOf                                        : loaded 2 times (x 112B)
Class com.google.common.collect.ImmutableCollection                                   : loaded 2 times (x 125B)
Class ijJvmDebugger1_4skzgwj4ljy30wzjldzgr62op$_run_closure1                          : loaded 2 times (x 139B)
Class org.gradle.api.internal.classpath.DefaultModuleRegistry                         : loaded 2 times (x 86B)
Class com.google.common.collect.Lists                                                 : loaded 2 times (x 71B)
Class com.google.common.util.concurrent.ListenableFuture                              : loaded 2 times (x 70B)
Class com.google.common.cache.ReferenceEntry                                          : loaded 2 times (x 70B)
Class com.google.common.base.Converter                                                : loaded 2 times (x 90B)
Class com.google.common.collect.ImmutableSet$CachingAsList                            : loaded 2 times (x 148B)
Class com.google.common.collect.AbstractMapBasedMultimap                              : loaded 2 times (x 139B)
Class com.google.common.util.concurrent.AbstractFuture                                : loaded 2 times (x 106B)
Class com.google.common.base.FunctionalEquivalence                                    : loaded 2 times (x 83B)
Class com.google.common.collect.Iterators$9                                           : loaded 2 times (x 81B)
Class com.google.common.collect.ImmutableAsList                                       : loaded 2 times (x 209B)
Class com.google.common.reflect.TypeResolver$TypeTable                                : loaded 2 times (x 73B)
Class org.objectweb.asm.RecordComponentVisitor                                        : loaded 2 times (x 77B)
Class com.google.common.cache.CacheLoader$SupplierToCacheLoader                       : loaded 2 times (x 75B)
Class ijKotlinCoroutineJvmDebugInit1_6s92zljemijoxz33vwpgjyuqr$_run_closure1          : loaded 2 times (x 139B)
Class com.google.common.reflect.TypeResolver$TypeTable$1                              : loaded 2 times (x 73B)
Class com.google.common.collect.Maps$EntryTransformer                                 : loaded 2 times (x 70B)
Class org.gradle.internal.service.ServiceLookupException                              : loaded 2 times (x 82B)
Class [Lcom.google.common.cache.LocalCache$EntryFactory;                              : loaded 2 times (x 69B)
Class org.gradle.internal.classloader.ClassLoaderFactory                              : loaded 2 times (x 70B)
Class com.google.common.base.CommonPattern                                            : loaded 2 times (x 74B)
Class com.google.common.base.CharMatcher$IsNot                                        : loaded 2 times (x 111B)
Class com.google.common.cache.LocalCache$LocalManualCache                             : loaded 2 times (x 99B)
Class org.gradle.internal.service.CachingServiceLocator                               : loaded 2 times (x 82B)
Class com.google.common.collect.AbstractMapBasedMultimap$KeySet                       : loaded 2 times (x 137B)
Class com.google.common.math.IntMath                                                  : loaded 2 times (x 71B)
Class com.google.common.reflect.Types$TypeVariableInvocationHandler                   : loaded 2 times (x 75B)
Class com.google.common.collect.ImmutableMapEntry                                     : loaded 2 times (x 85B)
Class com.google.common.base.Predicates                                               : loaded 2 times (x 71B)
Class com.google.common.base.Equivalence                                              : loaded 2 times (x 82B)
Class com.google.common.base.Function                                                 : loaded 2 times (x 70B)
Class com.google.common.collect.ImmutableMapEntry$NonTerminalImmutableMapEntry        : loaded 2 times (x 85B)
Class com.google.common.collect.IndexedImmutableSet$1                                 : loaded 2 times (x 213B)
Class com.google.common.cache.CacheBuilder$OneWeigher                                 : loaded 2 times (x 82B)
Class com.google.common.collect.RegularImmutableList                                  : loaded 2 times (x 213B)
Class com.google.common.reflect.Types$ClassOwnership$1LocalClass                      : loaded 2 times (x 71B)
Class com.google.common.collect.Maps$EntryFunction                                    : loaded 2 times (x 91B)
Class org.gradle.internal.classloader.ClasspathUtil                                   : loaded 2 times (x 71B)
Class com.google.common.util.concurrent.Uninterruptibles                              : loaded 2 times (x 71B)
Class com.google.common.util.concurrent.LazyLogger                                    : loaded 2 times (x 72B)
Class com.google.common.collect.Maps                                                  : loaded 2 times (x 71B)
Class org.gradle.api.specs.Spec                                                       : loaded 2 times (x 70B)
Class com.google.common.reflect.Types$JavaVersion                                     : loaded 2 times (x 83B)
Class [Lcom.google.common.collect.ImmutableEntry;                                     : loaded 2 times (x 69B)
Class com.google.common.collect.Sets$3$1                                              : loaded 2 times (x 82B)
Class com.google.common.cache.LocalCache$LoadingValueReference                        : loaded 2 times (x 96B)
Class com.google.common.reflect.Invokable$MethodInvokable                             : loaded 2 times (x 107B)
Class com.google.common.base.Platform                                                 : loaded 2 times (x 71B)
Class [Lorg.objectweb.asm.AnnotationWriter;                                           : loaded 2 times (x 69B)
Class com.google.common.collect.Maps$8                                                : loaded 2 times (x 82B)
Class com.google.common.base.Predicates$CompositionPredicate                          : loaded 2 times (x 88B)
Class com.google.common.collect.Sets$SetView                                          : loaded 2 times (x 138B)
Class com.google.common.cache.LocalCache$StrongValueReference                         : loaded 2 times (x 90B)
Class org.objectweb.asm.Type                                                          : loaded 2 times (x 72B)
Class org.gradle.internal.classloader.VisitableURLClassLoader$InstrumentingVisitableURLClassLoader: loaded 2 times (x 123B)
Class com.google.common.math.IntMath$1                                                : loaded 2 times (x 71B)
Class org.objectweb.asm.ByteVector                                                    : loaded 2 times (x 79B)
Class [Lcom.google.common.cache.CacheBuilder$NullListener;                            : loaded 2 times (x 69B)
Class org.gradle.internal.classloader.VisitableURLClassLoader$Spec                    : loaded 2 times (x 74B)
Class org.gradle.internal.classpath.DefaultClassPath                                  : loaded 2 times (x 90B)
Class com.google.common.reflect.Types$ClassOwnership                                  : loaded 2 times (x 80B)
Class org.objectweb.asm.Symbol                                                        : loaded 2 times (x 73B)
Class com.google.common.collect.Sets$FilteredSet                                      : loaded 2 times (x 137B)
Class com.google.common.io.Closer                                                     : loaded 2 times (x 78B)
Class com.google.common.base.CharMatcher$BitSetMatcher                                : loaded 2 times (x 112B)
Class com.google.common.collect.RegularImmutableMap$Values                            : loaded 2 times (x 207B)
Class com.google.common.collect.ImmutableSet                                          : loaded 2 times (x 145B)
Class org.gradle.internal.classloader.ClassLoaderSpec                                 : loaded 2 times (x 71B)
Class org.objectweb.asm.AnnotationWriter                                              : loaded 2 times (x 79B)
Class com.google.common.cache.CacheStats                                              : loaded 2 times (x 71B)
Class com.google.common.io.Closer$Suppressor                                          : loaded 2 times (x 70B)
Class org.objectweb.asm.RecordComponentWriter                                         : loaded 2 times (x 78B)
Class com.google.common.util.concurrent.AbstractFuture$Listener                       : loaded 2 times (x 72B)
Class com.google.common.base.CharMatcher$Or                                           : loaded 2 times (x 112B)
Class Settings_gradle$1$1                                                             : loaded 2 times (x 74B)
Class org.objectweb.asm.Attribute                                                     : loaded 2 times (x 77B)
Class com.google.common.base.Supplier                                                 : loaded 2 times (x 70B)
Class org.gradle.internal.classloader.VisitableURLClassLoader                         : loaded 2 times (x 117B)
Class com.google.common.collect.ImmutableList$SerializedForm                          : loaded 2 times (x 73B)
Class Settings_gradle                                                                 : loaded 2 times (x 124B)
Class org.gradle.internal.Cast                                                        : loaded 2 times (x 71B)
Class org.gradle.api.Action                                                           : loaded 2 times (x 70B)
Class com.google.common.base.Strings                                                  : loaded 2 times (x 71B)
Class com.google.common.collect.Sets                                                  : loaded 2 times (x 71B)
Class org.objectweb.asm.Handler                                                       : loaded 2 times (x 72B)
Class com.google.common.base.CharMatcher$FastMatcher                                  : loaded 2 times (x 111B)
Class com.google.common.base.Ticker                                                   : loaded 2 times (x 72B)
Class [Lcom.google.common.cache.LocalCache$Segment;                                   : loaded 2 times (x 69B)
Class com.google.common.base.Predicate                                                : loaded 2 times (x 70B)
Class [Lcom.google.common.cache.LocalCache$Strength;                                  : loaded 2 times (x 69B)
Class com.google.common.cache.CacheBuilder$1                                          : loaded 2 times (x 85B)
Class com.google.common.collect.ImmutableMap                                          : loaded 2 times (x 120B)
Class org.gradle.internal.classpath.DefaultClassPath$ImmutableUniqueList$Builder      : loaded 2 times (x 75B)
Class com.google.common.base.CharMatcher$NegatedFastMatcher                           : loaded 2 times (x 113B)
Class com.google.common.cache.LocalCache                                              : loaded 2 times (x 187B)
Class com.google.common.cache.CacheBuilder$2                                          : loaded 2 times (x 79B)
Class com.google.common.collect.ArrayListMultimap                                     : loaded 2 times (x 172B)
Class com.google.common.cache.CacheBuilder$3                                          : loaded 2 times (x 72B)
Class [Lcom.google.common.collect.AbstractMapEntry;                                   : loaded 2 times (x 69B)
Class com.google.common.collect.ImmutableEntry                                        : loaded 2 times (x 82B)
Class org.gradle.api.GradleException                                                  : loaded 2 times (x 82B)
Class com.google.common.base.Suppliers$MemoizingSupplier                              : loaded 2 times (x 79B)
Class com.google.common.collect.CollectPreconditions                                  : loaded 2 times (x 71B)
Class ijJvmDebugger1_4skzgwj4ljy30wzjldzgr62op                                        : loaded 2 times (x 171B)
Class com.google.common.collect.Maps$AbstractFilteredMap                              : loaded 2 times (x 127B)
Class com.google.common.collect.SortedMapDifference                                   : loaded 2 times (x 70B)
Class com.google.common.cache.LocalCache$WriteThroughEntry                            : loaded 2 times (x 79B)
Class com.google.common.cache.LocalCache$HashIterator                                 : loaded 2 times (x 86B)
Class com.google.common.cache.LocalCache$EntryFactory                                 : loaded 2 times (x 83B)
Class com.google.common.reflect.Types$NativeTypeVariableEquals                        : loaded 2 times (x 71B)
Class com.google.common.reflect.TypeParameter                                         : loaded 2 times (x 72B)
Class com.google.common.collect.Iterables$5                                           : loaded 2 times (x 81B)
Class com.google.common.cache.LocalCache$AbstractReferenceEntry                       : loaded 2 times (x 107B)
Class org.gradle.internal.IoActions                                                   : loaded 2 times (x 71B)
Class org.objectweb.asm.SymbolTable                                                   : loaded 2 times (x 72B)
Class com.google.common.cache.CacheLoader$InvalidCacheLoadException                   : loaded 2 times (x 82B)
Class com.google.common.collect.ImmutableSet$RegularSetBuilderImpl                    : loaded 2 times (x 77B)
Class org.gradle.internal.classloader.SystemClassLoaderSpec                           : loaded 2 times (x 71B)
Class com.google.common.collect.FluentIterable                                        : loaded 2 times (x 81B)
Class com.google.common.cache.LocalCache$StrongEntry                                  : loaded 2 times (x 108B)
Class com.google.common.util.concurrent.AbstractFuture$TrustedFuture                  : loaded 2 times (x 114B)
Class com.google.common.cache.LoadingCache                                            : loaded 2 times (x 70B)
Class com.google.common.base.Suppliers$NonSerializableMemoizingSupplier               : loaded 2 times (x 79B)
Class org.objectweb.asm.MethodWriter                                                  : loaded 2 times (x 106B)
Class [Lcom.google.common.cache.Weigher;                                              : loaded 2 times (x 69B)
Class com.google.common.collect.RegularImmutableMap$BucketOverflowException           : loaded 2 times (x 82B)
Class com.google.common.reflect.Types$JavaVersion$1                                   : loaded 2 times (x 83B)
Class com.google.common.collect.AbstractIterator$State                                : loaded 2 times (x 79B)
Class com.google.common.collect.RegularImmutableBiMap                                 : loaded 2 times (x 149B)
Class com.google.common.base.CharMatcher$Negated                                      : loaded 2 times (x 113B)
Class com.google.common.base.CharMatcher$Is                                           : loaded 2 times (x 111B)
Class com.google.common.cache.LocalCache$ValueReference                               : loaded 2 times (x 70B)
Class com.google.common.reflect.Types$JavaVersion$2                                   : loaded 2 times (x 83B)
Class com.google.common.reflect.Types                                                 : loaded 2 times (x 71B)
Class com.google.common.hash.PrimitiveSink                                            : loaded 2 times (x 70B)
Class com.google.common.base.PatternCompiler                                          : loaded 2 times (x 70B)
Class com.google.common.util.concurrent.AbstractFuture$Failure                        : loaded 2 times (x 72B)
Class com.google.common.base.Equivalence$Equals                                       : loaded 2 times (x 82B)
Class com.google.common.collect.Hashing                                               : loaded 2 times (x 71B)
Class com.google.common.base.Preconditions                                            : loaded 2 times (x 71B)
Class com.google.common.reflect.Types$JavaVersion$3                                   : loaded 2 times (x 83B)
Class com.google.common.base.Joiner$1                                                 : loaded 2 times (x 80B)
Class org.objectweb.asm.Label                                                         : loaded 2 times (x 73B)
Class org.objectweb.asm.CurrentFrame                                                  : loaded 2 times (x 73B)
Class org.objectweb.asm.ClassTooLargeException                                        : loaded 2 times (x 83B)
Class com.google.common.base.CharMatcher                                              : loaded 2 times (x 111B)
Class com.google.common.collect.PeekingIterator                                       : loaded 2 times (x 70B)
Class com.google.common.reflect.Types$JavaVersion$4                                   : loaded 2 times (x 83B)
Class com.google.common.collect.Maps$IteratorBasedAbstractMap                         : loaded 2 times (x 125B)
Class com.google.common.base.Joiner$2                                                 : loaded 2 times (x 79B)
Class org.objectweb.asm.Frame                                                         : loaded 2 times (x 73B)
Class org.objectweb.asm.MethodVisitor                                                 : loaded 2 times (x 105B)
Class com.google.common.base.CharMatcher$1                                            : loaded 2 times (x 113B)
Class com.google.common.base.CharMatcher$NamedFastMatcher                             : loaded 2 times (x 112B)
Class com.google.common.cache.LocalCache$EntryFactory$1                               : loaded 2 times (x 83B)
Class [Lcom.google.common.cache.RemovalListener;                                      : loaded 2 times (x 69B)
Class com.google.common.reflect.Types$JavaVersion$5                                   : loaded 2 times (x 71B)
Class [Lcom.google.common.reflect.Types$ClassOwnership;                               : loaded 2 times (x 69B)
Class com.google.common.cache.LocalCache$EntryFactory$2                               : loaded 2 times (x 83B)
Class org.gradle.api.internal.classpath.GlobalCacheRootsProvider                      : loaded 2 times (x 70B)
Class org.objectweb.asm.ModuleWriter                                                  : loaded 2 times (x 82B)
Class com.google.common.cache.LocalCache$EntryFactory$3                               : loaded 2 times (x 83B)
Class com.google.common.base.Ticker$1                                                 : loaded 2 times (x 72B)
Class com.google.common.collect.Maps$BiMapConverter                                   : loaded 2 times (x 90B)
Class com.google.common.collect.ImmutableMapEntrySet$RegularEntrySet                  : loaded 2 times (x 152B)
Class com.google.common.collect.ImmutableSet$Builder                                  : loaded 2 times (x 85B)
Class com.google.common.base.CharMatcher$InRange                                      : loaded 2 times (x 111B)
Class com.google.common.cache.LocalCache$EntryFactory$4                               : loaded 2 times (x 83B)
Class com.google.common.cache.LocalCache$EntryFactory$5                               : loaded 2 times (x 83B)
Class com.google.common.base.PairwiseEquivalence                                      : loaded 2 times (x 83B)
Class com.google.common.cache.LocalCache$EntryFactory$6                               : loaded 2 times (x 83B)
Class org.gradle.internal.installation.CurrentGradleInstallationLocator               : loaded 2 times (x 71B)
Class com.google.common.collect.Maps$KeySet                                           : loaded 2 times (x 137B)
Class com.google.common.collect.ImmutableSet$EmptySetBuilderImpl                      : loaded 2 times (x 76B)
Class com.google.common.cache.LocalCache$EntryFactory$7                               : loaded 2 times (x 83B)
Class com.google.common.collect.ImmutableList                                         : loaded 2 times (x 206B)
Class org.gradle.internal.service.DefaultServiceLocator                               : loaded 2 times (x 83B)
Class com.google.common.collect.Maps$EntrySet                                         : loaded 2 times (x 136B)
Class com.google.common.cache.LocalCache$EntryFactory$8                               : loaded 2 times (x 83B)
Class com.google.common.collect.ImmutableSet$SetBuilderImpl                           : loaded 2 times (x 76B)
Class org.gradle.internal.installation.CurrentGradleInstallation                      : loaded 2 times (x 73B)
Class com.google.common.cache.CacheLoader$1                                           : loaded 2 times (x 75B)
Class com.google.common.collect.ForwardingObject                                      : loaded 2 times (x 72B)
Class com.google.common.collect.ImmutableList$SubList                                 : loaded 2 times (x 209B)
Class org.gradle.util.internal.GUtil                                                  : loaded 2 times (x 71B)
Class com.google.common.cache.AbstractCache$StatsCounter                              : loaded 2 times (x 70B)
Class com.google.common.reflect.Types$TypeVariableImpl                                : loaded 2 times (x 72B)
Class com.google.common.collect.Iterators$MergingIterator                             : loaded 2 times (x 81B)
Class com.google.common.collect.RegularImmutableSet                                   : loaded 2 times (x 149B)
Class org.gradle.internal.installation.GradleInstallation                             : loaded 2 times (x 75B)
Class com.google.common.collect.Iterables                                             : loaded 2 times (x 71B)
Class ijKotlinCoroutineJvmDebugInit1_6s92zljemijoxz33vwpgjyuqr$_run_closure1$_closure2: loaded 2 times (x 139B)

---------------  S Y S T E M  ---------------

OS:
 Windows 11 , 64 bit Build 26100 (10.0.26100.8246)
OS uptime: 8 days 5:42 hours
Hyper-V role detected

CPU: total 16 (initial active 16) (16 cores per cpu, 2 threads per core) family 25 model 80 stepping 0 microcode 0xa50000c, cx8, cmov, fxsr, ht, mmx, 3dnowpref, sse, sse2, sse3, ssse3, sse4a, sse4.1, sse4.2, popcnt, lzcnt, tsc, tscinvbit, avx, avx2, aes, erms, clmul, bmi1, bmi2, adx, sha, fma, vzeroupper, clflush, clflushopt, hv, rdtscp, rdpid, fsrm, f16c, cet_ss
Processor Information for processor 0
  Max Mhz: 3201, Current Mhz: 1802, Mhz Limit: 3201
Processor Information for processor 1
  Max Mhz: 3201, Current Mhz: 1802, Mhz Limit: 3201
Processor Information for processor 2
  Max Mhz: 3201, Current Mhz: 1882, Mhz Limit: 3201
Processor Information for processor 3
  Max Mhz: 3201, Current Mhz: 1882, Mhz Limit: 3201
Processor Information for processor 4
  Max Mhz: 3201, Current Mhz: 1802, Mhz Limit: 3201
Processor Information for processor 5
  Max Mhz: 3201, Current Mhz: 1802, Mhz Limit: 3201
Processor Information for processor 6
  Max Mhz: 3201, Current Mhz: 1882, Mhz Limit: 3201
Processor Information for processor 7
  Max Mhz: 3201, Current Mhz: 1882, Mhz Limit: 3201
Processor Information for processor 8
  Max Mhz: 3201, Current Mhz: 1802, Mhz Limit: 3201
Processor Information for processor 9
  Max Mhz: 3201, Current Mhz: 1802, Mhz Limit: 3201
Processor Information for processor 10
  Max Mhz: 3201, Current Mhz: 1882, Mhz Limit: 3201
Processor Information for processor 11
  Max Mhz: 3201, Current Mhz: 1882, Mhz Limit: 3201
Processor Information for processor 12
  Max Mhz: 3201, Current Mhz: 1882, Mhz Limit: 3201
Processor Information for processor 13
  Max Mhz: 3201, Current Mhz: 1882, Mhz Limit: 3201
Processor Information for processor 14
  Max Mhz: 3201, Current Mhz: 1882, Mhz Limit: 3201
Processor Information for processor 15
  Max Mhz: 3201, Current Mhz: 1882, Mhz Limit: 3201

Memory: 4k page, system-wide physical 15775M (793M free)
TotalPageFile size 41207M (AvailPageFile size 6M)
current process WorkingSet (physical memory assigned to process): 601M, peak: 828M
current process commit charge ("private bytes"): 900M, peak: 912M

vm_info: OpenJDK 64-Bit Server VM (21.0.9+-14787801-b1163.94) for windows-amd64 JRE (21.0.9+-14787801-b1163.94), built on 2026-01-27T21:15:44Z by "builder" with MS VC++ 16.10 / 16.11 (VS2019)

END.
